id,from_code,to_code,kind,effective_date
16961,28274,28274,renamed,2026-01-01
16962,33461,33461,renamed,2026-01-01
16963,45277,45277,renamed,2026-01-01
16964,50461,50461,renamed,2026-01-01
16965,62486,62486,renamed,2026-01-01
16966,63320,63320,renamed,2026-01-01
16967,68355,68355,renamed,2026-01-01
16968,71263,71263,renamed,2026-01-01
16969,74116,74116,renamed,2026-01-01
16970,76715,76715,renamed,2026-01-01
16971,83052,83052,renamed,2026-01-01
16972,95218,95218,renamed,2026-01-01
16973,10411,10411,renamed,2025-01-11
16974,12083,12083,renamed,2025-01-11
16975,27497,27497,renamed,2025-01-11
16976,30195,30195,renamed,2025-01-11
16977,31522,31522,renamed,2025-01-11
16978,58226,58226,renamed,2025-01-11
16979,76484,76484,renamed,2025-01-11
16980,01187,01187,code_reused,2025-01-01
16981,01330,01187,absorbed,2025-01-01
16982,02311,02589,absorbed,2025-01-01
16983,02589,02589,code_reused,2025-01-01
16984,05127,05127,renamed,2025-01-01
16985,08300,08439,absorbed,2025-01-01
16986,08439,08439,code_reused,2025-01-01
16987,09088,09088,code_reused,2025-01-01
16988,09287,09088,absorbed,2025-01-01
16989,14300,14743,absorbed,2025-01-01
16990,14408,14408,code_reused,2025-01-01
16991,14623,14408,absorbed,2025-01-01
16992,14743,14743,code_reused,2025-01-01
16993,15141,15031,split,2025-01-01
16994,15141,15035,split,2025-01-01
16995,15141,15047,split,2025-01-01
16996,15141,15171,split,2025-01-01
16997,16023,16023,code_reused,2025-01-01
16998,16147,16198,absorbed,2025-01-01
16999,16198,16198,code_reused,2025-01-01
17000,16226,16393,absorbed,2025-01-01
17001,16238,16023,absorbed,2025-01-01
17002,16393,16393,code_reused,2025-01-01
17003,17268,17268,code_reused,2025-01-01
17004,17334,17268,absorbed,2025-01-01
17005,19223,19248,absorbed,2025-01-01
17006,19230,19248,absorbed,2025-01-01
17007,19248,19248,code_reused,2025-01-01
17008,22027,22241,absorbed,2025-01-01
17009,22043,22241,absorbed,2025-01-01
17010,22147,22147,code_reused,2025-01-01
17011,22200,22237,absorbed,2025-01-01
17012,22237,22237,code_reused,2025-01-01
17013,22241,22241,code_reused,2025-01-01
17014,22309,22147,absorbed,2025-01-01
17015,23023,23149,absorbed,2025-01-01
17016,23149,23149,code_reused,2025-01-01
17017,24177,24177,renamed,2025-01-01
17018,25223,25223,code_reused,2025-01-01
17019,25297,25364,absorbed,2025-01-01
17020,25303,25390,absorbed,2025-01-01
17021,25347,25390,absorbed,2025-01-01
17022,25364,25364,code_reused,2025-01-01
17023,25390,25390,code_reused,2025-01-01
17024,25398,25390,absorbed,2025-01-01
17025,25533,25223,absorbed,2025-01-01
17026,25620,25390,absorbed,2025-01-01
17027,26289,26289,code_reused,2025-01-01
17028,26371,26289,absorbed,2025-01-01
17029,28025,28319,absorbed,2025-01-01
17030,28276,28319,absorbed,2025-01-01
17031,28319,28319,code_reused,2025-01-01
17032,30094,30329,absorbed,2025-01-01
17033,30329,30329,code_reused,2025-01-01
17034,32067,32365,absorbed,2025-01-01
17035,32260,32365,absorbed,2025-01-01
17036,32365,32365,code_reused,2025-01-01
17037,32413,32365,absorbed,2025-01-01
17038,33008,33008,code_reused,2025-01-01
17039,33409,33008,absorbed,2025-01-01
17040,34093,34144,absorbed,2025-01-01
17041,34144,34144,code_reused,2025-01-01
17042,39434,39434,code_reused,2025-01-01
17043,39474,39576,absorbed,2025-01-01
17044,39548,39434,absorbed,2025-01-01
17045,39576,39576,code_reused,2025-01-01
17046,42072,42217,absorbed,2025-01-01
17047,42084,42084,code_reused,2025-01-01
17048,42109,42084,absorbed,2025-01-01
17049,42188,42188,renamed,2025-01-01
17050,42217,42217,code_reused,2025-01-01
17051,42252,42084,absorbed,2025-01-01
17052,43174,43174,renamed,2025-01-01
17053,46172,46172,code_reused,2025-01-01
17054,46217,46172,absorbed,2025-01-01
17055,46334,46334,renamed,2025-01-01
17056,49069,49126,replaced,2025-01-01
17057,51205,51485,absorbed,2025-01-01
17058,51485,51485,code_reused,2025-01-01
17059,59006,59006,code_reused,2025-01-01
17060,59070,59006,absorbed,2025-01-01
17061,61017,61275,absorbed,2025-01-01
17062,61188,61275,absorbed,2025-01-01
17063,61192,61275,absorbed,2025-01-01
17064,61275,61275,code_reused,2025-01-01
17065,61310,61275,absorbed,2025-01-01
17066,62447,62447,code_reused,2025-01-01
17067,62461,62447,absorbed,2025-01-01
17068,62549,62447,absorbed,2025-01-01
17069,62743,62447,absorbed,2025-01-01
17070,63108,63108,renamed,2025-01-01
17071,63109,63109,code_reused,2025-01-01
17072,63330,63109,absorbed,2025-01-01
17073,69096,69096,renamed,2025-01-01
17074,70152,70152,code_reused,2025-01-01
17075,70180,70180,code_reused,2025-01-01
17076,70264,70180,absorbed,2025-01-01
17077,70530,70180,absorbed,2025-01-01
17078,70557,70152,absorbed,2025-01-01
17079,71131,71566,absorbed,2025-01-01
17080,71566,71566,code_reused,2025-01-01
17081,72155,72155,code_reused,2025-01-01
17082,72287,72155,absorbed,2025-01-01
17083,72298,72382,absorbed,2025-01-01
17084,72382,72382,code_reused,2025-01-01
17085,76358,76455,absorbed,2025-01-01
17086,76455,76455,code_reused,2025-01-01
17087,77302,77302,renamed,2025-01-01
17088,79060,79307,absorbed,2025-01-01
17089,79180,79307,absorbed,2025-01-01
17090,79205,79307,absorbed,2025-01-01
17091,79212,79307,absorbed,2025-01-01
17092,79307,79307,code_reused,2025-01-01
17093,80155,80155,code_reused,2025-01-01
17094,80830,80155,absorbed,2025-01-01
17095,85021,85076,absorbed,2025-01-01
17096,85076,85076,code_reused,2025-01-01
17097,85223,85223,code_reused,2025-01-01
17098,85233,85223,absorbed,2025-01-01
17099,88321,88321,code_reused,2025-01-01
17100,88393,88321,absorbed,2025-01-01
17101,93059,93066,absorbed,2025-01-01
17102,93066,93066,code_reused,2025-01-01
17103,14011,14581,replaced,2024-04-24
17104,69159,69114,replaced,2024-03-15
17105,12076,12218,replaced,2024-03-04
17106,04045,04045,renamed,2024-01-01
17107,08053,08053,code_reused,2024-01-01
17108,08294,08053,absorbed,2024-01-01
17109,16097,16097,code_reused,2024-01-01
17110,16355,16097,absorbed,2024-01-01
17111,18131,18173,absorbed,2024-01-01
17112,18173,18173,code_reused,2024-01-01
17113,22084,22084,renamed,2024-01-01
17114,24488,24488,renamed,2024-01-01
17115,25060,25060,code_reused,2024-01-01
17116,25282,25060,absorbed,2024-01-01
17117,25549,25060,absorbed,2024-01-01
17118,35062,35062,code_reused,2024-01-01
17119,35112,35062,absorbed,2024-01-01
17120,46063,46063,renamed,2024-01-01
17121,46233,46233,renamed,2024-01-01
17122,49160,49160,code_reused,2024-01-01
17123,49321,49160,absorbed,2024-01-01
17124,60054,60694,split,2024-01-01
17125,64300,64300,code_reused,2024-01-01
17126,64541,64300,absorbed,2024-01-01
17127,69149,69149,code_reused,2024-01-01
17128,69152,69149,absorbed,2024-01-01
17129,73269,73269,renamed,2024-01-01
17130,76515,76515,renamed,2024-01-01
17131,77432,77432,renamed,2024-01-01
17132,85041,85292,absorbed,2024-01-01
17133,85084,85165,split,2024-01-01
17134,85084,85212,split,2024-01-01
17135,85271,85292,absorbed,2024-01-01
17136,85292,85292,code_reused,2024-01-01
17137,86084,86084,renamed,2024-01-01
17138,86231,86247,absorbed,2024-01-01
17139,86247,86247,code_reused,2024-01-01
17140,95169,95169,code_reused,2024-01-01
17141,95282,95169,absorbed,2024-01-01
17142,01039,01138,absorbed,2023-01-01
17143,01138,01138,code_reused,2023-01-01
17144,02077,02564,absorbed,2023-01-01
17145,02564,02564,code_reused,2023-01-01
17146,03223,03223,renamed,2023-01-01
17147,09056,09056,code_reused,2023-01-01
17148,09255,09056,absorbed,2023-01-01
17149,16140,16206,absorbed,2023-01-01
17150,16206,16206,code_reused,2023-01-01
17151,17132,17132,renamed,2023-01-01
17152,27058,27676,replaced,2023-01-01
17153,28012,28012,renamed,2023-01-01
17154,32289,32289,renamed,2023-01-01
17155,32465,32465,renamed,2023-01-01
17156,33081,33081,renamed,2023-01-01
17157,38243,38243,renamed,2023-01-01
17158,38301,38301,renamed,2023-01-01
17159,44066,44066,renamed,2023-01-01
17160,45259,45259,renamed,2023-01-01
17161,50015,50272,absorbed,2023-01-01
17162,50272,50272,code_reused,2023-01-01
17163,51063,51457,absorbed,2023-01-01
17164,51457,51457,code_reused,2023-01-01
17165,51637,51457,absorbed,2023-01-01
17166,56262,56262,renamed,2023-01-01
17167,62588,62588,renamed,2023-01-01
17168,63233,63233,renamed,2023-01-01
17169,71042,71042,code_reused,2023-01-01
17170,71492,71042,absorbed,2023-01-01
17171,81085,81085,renamed,2023-01-01
17172,85037,85289,absorbed,2023-01-01
17173,85053,85289,absorbed,2023-01-01
17174,85289,85289,code_reused,2023-01-01
17175,02054,02054,code_reused,2022-01-01
17176,02695,02054,absorbed,2022-01-01
17177,09207,09207,renamed,2022-01-01
17178,14689,14689,renamed,2022-01-01
17179,16010,16186,absorbed,2022-01-01
17180,16186,16186,code_reused,2022-01-01
17181,19092,19143,absorbed,2022-01-01
17182,19143,19143,code_reused,2022-01-01
17183,24089,24325,absorbed,2022-01-01
17184,24314,24325,absorbed,2022-01-01
17185,24325,24325,code_reused,2022-01-01
17186,25134,25185,absorbed,2022-01-01
17187,25185,25185,code_reused,2022-01-01
17188,25375,25375,code_reused,2022-01-01
17189,25628,25375,absorbed,2022-01-01
17190,26216,26216,code_reused,2022-01-01
17191,26219,26216,absorbed,2022-01-01
17192,35329,35329,renamed,2022-01-01
17193,40295,40295,renamed,2022-01-01
17194,47176,47176,renamed,2022-01-01
17195,55013,55013,renamed,2022-01-01
17196,56049,56213,absorbed,2022-01-01
17197,56213,56213,code_reused,2022-01-01
17198,58251,58251,renamed,2022-01-01
17199,64293,64293,renamed,2022-01-01
17200,66202,66202,renamed,2022-01-01
17201,72253,72253,renamed,2022-01-01
17202,85001,85001,code_reused,2022-01-01
17203,85307,85001,absorbed,2022-01-01
17204,88465,88465,renamed,2022-01-01
17205,16233,16233,code_reused,2021-01-01
17206,16351,16233,absorbed,2021-01-01
17207,27676,27058,replaced,2021-01-01
17208,53239,53249,absorbed,2021-01-01
17209,53249,53249,code_reused,2021-01-01
17210,53274,53249,absorbed,2021-01-01
17211,07242,07242,renamed,2020-02-29
17212,24291,24291,renamed,2020-02-29
17213,24459,24459,renamed,2020-02-29
17214,32199,32199,renamed,2020-02-29
17215,37187,37187,renamed,2020-02-29
17216,38206,38206,renamed,2020-02-29
17217,42173,42173,renamed,2020-02-29
17218,63343,63343,renamed,2020-02-29
17219,63460,63460,renamed,2020-02-29
17220,66076,66076,renamed,2020-02-29
17221,71401,71401,renamed,2020-02-29
17222,14712,14666,split,2019-12-31
17223,45287,45307,absorbed,2019-03-01
17224,45307,45307,code_reused,2019-03-01
17225,21183,21183,code_reused,2019-02-28
17226,21213,21452,absorbed,2019-02-28
17227,21452,21452,code_reused,2019-02-28
17228,21507,21183,absorbed,2019-02-28
17229,01033,01033,code_reused,2019-01-01
17230,01036,01036,code_reused,2019-01-01
17231,01059,01453,absorbed,2019-01-01
17232,01091,01033,absorbed,2019-01-01
17233,01097,01453,absorbed,2019-01-01
17234,01122,01185,absorbed,2019-01-01
17235,01130,01130,code_reused,2019-01-01
17236,01154,01130,absorbed,2019-01-01
17237,01185,01185,code_reused,2019-01-01
17238,01186,01185,absorbed,2019-01-01
17239,01205,01033,absorbed,2019-01-01
17240,01215,01215,code_reused,2019-01-01
17241,01218,01453,absorbed,2019-01-01
17242,01221,01036,absorbed,2019-01-01
17243,01227,01227,code_reused,2019-01-01
17244,01341,01227,absorbed,2019-01-01
17245,01413,01215,absorbed,2019-01-01
17246,01414,01036,absorbed,2019-01-01
17247,01417,01185,absorbed,2019-01-01
17248,01442,01036,absorbed,2019-01-01
17249,01453,01453,code_reused,2019-01-01
17250,02018,02018,code_reused,2019-01-01
17251,02153,02153,code_reused,2019-01-01
17252,02301,02018,absorbed,2019-01-01
17253,02360,02360,code_reused,2019-01-01
17254,02434,02018,absorbed,2019-01-01
17255,02475,02360,absorbed,2019-01-01
17256,02733,02153,absorbed,2019-01-01
17257,05001,05001,code_reused,2019-01-01
17258,05120,05001,absorbed,2019-01-01
17259,07011,07011,code_reused,2019-01-01
17260,07016,07011,absorbed,2019-01-01
17261,07103,07103,code_reused,2019-01-01
17262,07135,07262,absorbed,2019-01-01
17263,07165,07165,code_reused,2019-01-01
17264,07252,07103,absorbed,2019-01-01
17265,07256,07165,absorbed,2019-01-01
17266,07262,07262,code_reused,2019-01-01
17267,08042,08173,absorbed,2019-01-01
17268,08079,08173,absorbed,2019-01-01
17269,08152,08173,absorbed,2019-01-01
17270,08173,08173,code_reused,2019-01-01
17271,09028,09296,absorbed,2019-01-01
17272,09135,09334,absorbed,2019-01-01
17273,09286,09334,absorbed,2019-01-01
17274,09296,09296,code_reused,2019-01-01
17275,09302,09334,absorbed,2019-01-01
17276,09334,09334,code_reused,2019-01-01
17277,11097,11323,absorbed,2019-01-01
17278,11131,11131,code_reused,2019-01-01
17279,11251,11251,code_reused,2019-01-01
17280,11298,11251,absorbed,2019-01-01
17281,11323,11323,code_reused,2019-01-01
17282,11329,11131,absorbed,2019-01-01
17283,14002,14150,absorbed,2019-01-01
17284,14013,14150,absorbed,2019-01-01
17285,14126,14126,code_reused,2019-01-01
17286,14150,14150,code_reused,2019-01-01
17287,14185,14514,absorbed,2019-01-01
17288,14294,14554,absorbed,2019-01-01
17289,14307,14713,absorbed,2019-01-01
17290,14339,14538,absorbed,2019-01-01
17291,14505,14150,absorbed,2019-01-01
17292,14514,14514,code_reused,2019-01-01
17293,14538,14538,code_reused,2019-01-01
17294,14554,14554,code_reused,2019-01-01
17295,14604,14126,absorbed,2019-01-01
17296,14691,14538,absorbed,2019-01-01
17297,14703,14150,absorbed,2019-01-01
17298,14713,14713,code_reused,2019-01-01
17299,15027,15027,code_reused,2019-01-01
17300,15136,15027,absorbed,2019-01-01
17301,16005,16005,code_reused,2019-01-01
17302,16017,16339,absorbed,2019-01-01
17303,16046,16046,code_reused,2019-01-01
17304,16051,16339,absorbed,2019-01-01
17305,16110,16110,code_reused,2019-01-01
17306,16149,16192,absorbed,2019-01-01
17307,16153,16153,code_reused,2019-01-01
17308,16156,16286,absorbed,2019-01-01
17309,16192,16192,code_reused,2019-01-01
17310,16202,16153,absorbed,2019-01-01
17311,16214,16192,absorbed,2019-01-01
17312,16228,16339,absorbed,2019-01-01
17313,16259,16192,absorbed,2019-01-01
17314,16274,16406,absorbed,2019-01-01
17315,16281,16281,code_reused,2019-01-01
17316,16286,16286,code_reused,2019-01-01
17317,16332,16046,absorbed,2019-01-01
17318,16339,16339,code_reused,2019-01-01
17319,16344,16281,absorbed,2019-01-01
17320,16376,16192,absorbed,2019-01-01
17321,16391,16110,absorbed,2019-01-01
17322,16406,16406,code_reused,2019-01-01
17323,16410,16110,absorbed,2019-01-01
17324,16411,16005,absorbed,2019-01-01
17325,17169,17344,absorbed,2019-01-01
17326,17189,17219,absorbed,2019-01-01
17327,17219,17219,code_reused,2019-01-01
17328,17344,17344,code_reused,2019-01-01
17329,18023,18023,code_reused,2019-01-01
17330,18073,18073,code_reused,2019-01-01
17331,18123,18023,absorbed,2019-01-01
17332,18222,18073,absorbed,2019-01-01
17333,18239,18023,absorbed,2019-01-01
17334,19019,19019,code_reused,2019-01-01
17335,19032,19019,absorbed,2019-01-01
17336,19098,19098,code_reused,2019-01-01
17337,19101,19101,code_reused,2019-01-01
17338,19127,19098,absorbed,2019-01-01
17339,19185,19101,absorbed,2019-01-01
17340,21073,21272,absorbed,2019-01-01
17341,21178,21178,code_reused,2019-01-01
17342,21272,21272,code_reused,2019-01-01
17343,21352,21352,code_reused,2019-01-01
17344,21486,21352,absorbed,2019-01-01
17345,21513,21178,absorbed,2019-01-01
17346,21621,21623,absorbed,2019-01-01
17347,21623,21623,code_reused,2019-01-01
17348,22038,22206,absorbed,2019-01-01
17349,22078,22264,absorbed,2019-01-01
17350,22093,22093,code_reused,2019-01-01
17351,22100,22219,absorbed,2019-01-01
17352,22154,22093,absorbed,2019-01-01
17353,22173,22093,absorbed,2019-01-01
17354,22206,22206,code_reused,2019-01-01
17355,22219,22219,code_reused,2019-01-01
17356,22247,22264,absorbed,2019-01-01
17357,22253,22264,absorbed,2019-01-01
17358,22264,22264,code_reused,2019-01-01
17359,23109,23109,code_reused,2019-01-01
17360,23121,23109,absorbed,2019-01-01
17361,23126,23189,absorbed,2019-01-01
17362,23189,23189,code_reused,2019-01-01
17363,24064,24064,code_reused,2019-01-01
17364,24079,24064,absorbed,2019-01-01
17365,24127,24364,absorbed,2019-01-01
17366,24170,24064,absorbed,2019-01-01
17367,24172,24172,code_reused,2019-01-01
17368,24181,24534,absorbed,2019-01-01
17369,24198,24064,absorbed,2019-01-01
17370,24233,24259,absorbed,2019-01-01
17371,24249,24172,absorbed,2019-01-01
17372,24259,24259,code_reused,2019-01-01
17373,24364,24364,code_reused,2019-01-01
17374,24389,24172,absorbed,2019-01-01
17375,24391,24064,absorbed,2019-01-01
17376,24402,24423,absorbed,2019-01-01
17377,24423,24423,code_reused,2019-01-01
17378,24427,24259,absorbed,2019-01-01
17379,24431,24259,absorbed,2019-01-01
17380,24433,24423,absorbed,2019-01-01
17381,24530,24064,absorbed,2019-01-01
17382,24534,24534,code_reused,2019-01-01
17383,24561,24064,absorbed,2019-01-01
17384,25027,25245,absorbed,2019-01-01
17385,25140,25156,absorbed,2019-01-01
17386,25156,25156,code_reused,2019-01-01
17387,25245,25245,code_reused,2019-01-01
17388,25250,25558,absorbed,2019-01-01
17389,25558,25558,code_reused,2019-01-01
17390,26086,26086,code_reused,2019-01-01
17391,26184,26210,absorbed,2019-01-01
17392,26210,26210,code_reused,2019-01-01
17393,26297,26210,absorbed,2019-01-01
17394,26354,26086,absorbed,2019-01-01
17395,27070,27070,code_reused,2019-01-01
17396,27143,27685,absorbed,2019-01-01
17397,27175,27070,absorbed,2019-01-01
17398,27198,27198,code_reused,2019-01-01
17399,27263,27263,code_reused,2019-01-01
17400,27270,27070,absorbed,2019-01-01
17401,27297,27198,absorbed,2019-01-01
17402,27416,27198,absorbed,2019-01-01
17403,27491,27198,absorbed,2019-01-01
17404,27516,27516,code_reused,2019-01-01
17405,27523,27516,absorbed,2019-01-01
17406,27541,27541,code_reused,2019-01-01
17407,27551,27541,absorbed,2019-01-01
17408,27581,27263,absorbed,2019-01-01
17409,27600,27516,absorbed,2019-01-01
17410,27607,27263,absorbed,2019-01-01
17411,27685,27685,code_reused,2019-01-01
17412,28002,28199,absorbed,2019-01-01
17413,28018,28018,code_reused,2019-01-01
17414,28063,28236,absorbed,2019-01-01
17415,28112,28236,absorbed,2019-01-01
17416,28165,28331,absorbed,2019-01-01
17417,28199,28199,code_reused,2019-01-01
17418,28205,28334,absorbed,2019-01-01
17419,28236,28236,code_reused,2019-01-01
17420,28311,28199,absorbed,2019-01-01
17421,28331,28331,code_reused,2019-01-01
17422,28334,28334,code_reused,2019-01-01
17423,28376,28018,absorbed,2019-01-01
17424,28406,28406,code_reused,2019-01-01
17425,28412,28406,absorbed,2019-01-01
17426,29129,29227,absorbed,2019-01-01
17427,29199,29199,code_reused,2019-01-01
17428,29219,29199,absorbed,2019-01-01
17429,29227,29227,code_reused,2019-01-01
17430,30052,30052,code_reused,2019-01-01
17431,30157,30052,absorbed,2019-01-01
17432,30190,30339,absorbed,2019-01-01
17433,30339,30339,code_reused,2019-01-01
17434,31298,31471,absorbed,2019-01-01
17435,31471,31471,code_reused,2019-01-01
17436,32074,32344,absorbed,2019-01-01
17437,32344,32344,code_reused,2019-01-01
17438,33008,33008,code_reused,2019-01-01
17439,33055,33055,code_reused,2019-01-01
17440,33092,33008,absorbed,2019-01-01
17441,33267,33380,absorbed,2019-01-01
17442,33338,33055,absorbed,2019-01-01
17443,33380,33380,code_reused,2019-01-01
17444,34246,34246,code_reused,2019-01-01
17445,34330,34246,absorbed,2019-01-01
17446,35004,35004,code_reused,2019-01-01
17447,35011,35292,absorbed,2019-01-01
17448,35053,35220,absorbed,2019-01-01
17449,35100,35163,absorbed,2019-01-01
17450,35113,35004,absorbed,2019-01-01
17451,35147,35308,absorbed,2019-01-01
17452,35163,35163,code_reused,2019-01-01
17453,35184,35184,code_reused,2019-01-01
17454,35220,35220,code_reused,2019-01-01
17455,35269,35282,absorbed,2019-01-01
17456,35282,35282,code_reused,2019-01-01
17457,35292,35292,code_reused,2019-01-01
17458,35293,35282,absorbed,2019-01-01
17459,35301,35184,absorbed,2019-01-01
17460,35303,35004,absorbed,2019-01-01
17461,35308,35308,code_reused,2019-01-01
17462,35341,35004,absorbed,2019-01-01
17463,35344,35308,absorbed,2019-01-01
17464,35348,35282,absorbed,2019-01-01
17465,36072,36244,absorbed,2019-01-01
17466,36093,36093,code_reused,2019-01-01
17467,36206,36093,absorbed,2019-01-01
17468,36244,36244,code_reused,2019-01-01
17469,38016,38479,absorbed,2019-01-01
17470,38025,38284,absorbed,2019-01-01
17471,38073,38073,code_reused,2019-01-01
17472,38121,38479,absorbed,2019-01-01
17473,38163,38163,code_reused,2019-01-01
17474,38274,38479,absorbed,2019-01-01
17475,38284,38284,code_reused,2019-01-01
17476,38293,38560,absorbed,2019-01-01
17477,38302,38073,absorbed,2019-01-01
17478,38306,38163,absorbed,2019-01-01
17479,38367,38395,absorbed,2019-01-01
17480,38395,38395,code_reused,2019-01-01
17481,38435,38395,absorbed,2019-01-01
17482,38479,38479,code_reused,2019-01-01
17483,38560,38560,code_reused,2019-01-01
17484,39043,39043,code_reused,2019-01-01
17485,39075,39199,absorbed,2019-01-01
17486,39089,39137,absorbed,2019-01-01
17487,39113,39339,absorbed,2019-01-01
17488,39115,39258,absorbed,2019-01-01
17489,39130,39130,code_reused,2019-01-01
17490,39137,39137,code_reused,2019-01-01
17491,39190,39190,code_reused,2019-01-01
17492,39199,39199,code_reused,2019-01-01
17493,39258,39258,code_reused,2019-01-01
17494,39286,39286,code_reused,2019-01-01
17495,39287,39137,absorbed,2019-01-01
17496,39339,39339,code_reused,2019-01-01
17497,39378,39378,code_reused,2019-01-01
17498,39395,39043,absorbed,2019-01-01
17499,39414,39190,absorbed,2019-01-01
17500,39417,39130,absorbed,2019-01-01
17501,39440,39286,absorbed,2019-01-01
17502,39483,39137,absorbed,2019-01-01
17503,39484,39378,absorbed,2019-01-01
17504,39562,39130,absorbed,2019-01-01
17505,40009,40197,absorbed,2019-01-01
17506,40107,40197,absorbed,2019-01-01
17507,40197,40197,code_reused,2019-01-01
17508,40302,40197,absorbed,2019-01-01
17509,41059,41059,code_reused,2019-01-01
17510,41070,41070,code_reused,2019-01-01
17511,41082,41059,absorbed,2019-01-01
17512,41092,41059,absorbed,2019-01-01
17513,41170,41059,absorbed,2019-01-01
17514,41257,41059,absorbed,2019-01-01
17515,41263,41070,absorbed,2019-01-01
17516,42004,42268,absorbed,2019-01-01
17517,42082,42268,absorbed,2019-01-01
17518,42245,42245,code_reused,2019-01-01
17519,42268,42268,code_reused,2019-01-01
17520,42291,42245,absorbed,2019-01-01
17521,44003,44003,code_reused,2019-01-01
17522,44160,44003,absorbed,2019-01-01
17523,46014,46263,absorbed,2019-01-01
17524,46033,46033,code_reused,2019-01-01
17525,46067,46232,absorbed,2019-01-01
17526,46083,46083,code_reused,2019-01-01
17527,46099,46033,absorbed,2019-01-01
17528,46232,46232,code_reused,2019-01-01
17529,46263,46263,code_reused,2019-01-01
17530,46278,46033,absorbed,2019-01-01
17531,46285,46263,absorbed,2019-01-01
17532,46298,46083,absorbed,2019-01-01
17533,46300,46033,absorbed,2019-01-01
17534,48038,48038,code_reused,2019-01-01
17535,48057,48127,absorbed,2019-01-01
17536,48078,48126,absorbed,2019-01-01
17537,48126,48126,code_reused,2019-01-01
17538,48127,48127,code_reused,2019-01-01
17539,48133,48127,absorbed,2019-01-01
17540,48184,48038,absorbed,2019-01-01
17541,48189,48127,absorbed,2019-01-01
17542,48197,48127,absorbed,2019-01-01
17543,49046,49060,absorbed,2019-01-01
17544,49060,49060,code_reused,2019-01-01
17545,49065,49080,absorbed,2019-01-01
17546,49080,49080,code_reused,2019-01-01
17547,49159,49174,absorbed,2019-01-01
17548,49174,49174,code_reused,2019-01-01
17549,49274,49060,absorbed,2019-01-01
17550,49289,49298,absorbed,2019-01-01
17551,49298,49298,code_reused,2019-01-01
17552,49337,49377,absorbed,2019-01-01
17553,49377,49377,code_reused,2019-01-01
17554,50007,50550,absorbed,2019-01-01
17555,50014,50215,absorbed,2019-01-01
17556,50025,50025,code_reused,2019-01-01
17557,50089,50099,absorbed,2019-01-01
17558,50099,50099,code_reused,2019-01-01
17559,50103,50523,absorbed,2019-01-01
17560,50107,50099,absorbed,2019-01-01
17561,50140,50419,absorbed,2019-01-01
17562,50160,50412,absorbed,2019-01-01
17563,50197,50197,code_reused,2019-01-01
17564,50206,50597,absorbed,2019-01-01
17565,50215,50215,code_reused,2019-01-01
17566,50223,50419,absorbed,2019-01-01
17567,50244,50419,absorbed,2019-01-01
17568,50301,50197,absorbed,2019-01-01
17569,50308,50550,absorbed,2019-01-01
17570,50313,50546,absorbed,2019-01-01
17571,50320,50197,absorbed,2019-01-01
17572,50348,50099,absorbed,2019-01-01
17573,50354,50215,absorbed,2019-01-01
17574,50358,50417,absorbed,2019-01-01
17575,50412,50412,code_reused,2019-01-01
17576,50417,50417,code_reused,2019-01-01
17577,50419,50419,code_reused,2019-01-01
17578,50427,50523,absorbed,2019-01-01
17579,50438,50550,absorbed,2019-01-01
17580,50449,50550,absorbed,2019-01-01
17581,50485,50099,absorbed,2019-01-01
17582,50503,50412,absorbed,2019-01-01
17583,50516,50025,absorbed,2019-01-01
17584,50523,50523,code_reused,2019-01-01
17585,50524,50550,absorbed,2019-01-01
17586,50546,50546,code_reused,2019-01-01
17587,50550,50550,code_reused,2019-01-01
17588,50573,50215,absorbed,2019-01-01
17589,50581,50546,absorbed,2019-01-01
17590,50583,50197,absorbed,2019-01-01
17591,50597,50597,code_reused,2019-01-01
17592,50605,50419,absorbed,2019-01-01
17593,50622,50550,absorbed,2019-01-01
17594,50636,50099,absorbed,2019-01-01
17595,52064,52064,code_reused,2019-01-01
17596,52225,52064,absorbed,2019-01-01
17597,53006,53029,absorbed,2019-01-01
17598,53014,53062,absorbed,2019-01-01
17599,53029,53029,code_reused,2019-01-01
17600,53062,53062,code_reused,2019-01-01
17601,53065,53097,absorbed,2019-01-01
17602,53092,53161,absorbed,2019-01-01
17603,53097,53097,code_reused,2019-01-01
17604,53104,53104,code_reused,2019-01-01
17605,53136,53136,code_reused,2019-01-01
17606,53138,53104,absorbed,2019-01-01
17607,53159,53161,absorbed,2019-01-01
17608,53161,53161,code_reused,2019-01-01
17609,53207,53097,absorbed,2019-01-01
17610,53215,53062,absorbed,2019-01-01
17611,53231,53029,absorbed,2019-01-01
17612,53241,53029,absorbed,2019-01-01
17613,53244,53161,absorbed,2019-01-01
17614,53254,53136,absorbed,2019-01-01
17615,54506,54557,absorbed,2019-01-01
17616,54557,54557,code_reused,2019-01-01
17617,55030,55150,absorbed,2019-01-01
17618,55150,55150,code_reused,2019-01-01
17619,55164,55537,absorbed,2019-01-01
17620,55537,55537,code_reused,2019-01-01
17621,56016,56173,absorbed,2019-01-01
17622,56059,56102,absorbed,2019-01-01
17623,56102,56102,code_reused,2019-01-01
17624,56138,56165,absorbed,2019-01-01
17625,56165,56165,code_reused,2019-01-01
17626,56173,56173,code_reused,2019-01-01
17627,57439,57439,code_reused,2019-01-01
17628,57578,57578,code_reused,2019-01-01
17629,57585,57439,absorbed,2019-01-01
17630,57722,57578,absorbed,2019-01-01
17631,60038,60256,absorbed,2019-01-01
17632,60054,60054,code_reused,2019-01-01
17633,60080,60209,absorbed,2019-01-01
17634,60096,60245,absorbed,2019-01-01
17635,60209,60209,code_reused,2019-01-01
17636,60245,60245,code_reused,2019-01-01
17637,60256,60256,code_reused,2019-01-01
17638,60300,60209,absorbed,2019-01-01
17639,60455,60054,absorbed,2019-01-01
17640,60475,60682,absorbed,2019-01-01
17641,60682,60682,code_reused,2019-01-01
17642,60694,60054,absorbed,2019-01-01
17643,61172,61228,absorbed,2019-01-01
17644,61228,61228,code_reused,2019-01-01
17645,61231,61228,absorbed,2019-01-01
17646,61294,61294,code_reused,2019-01-01
17647,61383,61228,absorbed,2019-01-01
17648,61403,61294,absorbed,2019-01-01
17649,62154,62154,code_reused,2019-01-01
17650,62210,62154,absorbed,2019-01-01
17651,63078,63448,absorbed,2019-01-01
17652,63127,63335,absorbed,2019-01-01
17653,63133,63226,absorbed,2019-01-01
17654,63226,63226,code_reused,2019-01-01
17655,63335,63335,code_reused,2019-01-01
17656,63448,63448,code_reused,2019-01-01
17657,65092,65092,code_reused,2019-01-01
17658,65122,65092,absorbed,2019-01-01
17659,67014,67418,absorbed,2019-01-01
17660,67372,67372,code_reused,2019-01-01
17661,67402,67372,absorbed,2019-01-01
17662,67418,67418,code_reused,2019-01-01
17663,69015,69135,absorbed,2019-01-01
17664,69019,69019,code_reused,2019-01-01
17665,69073,69157,absorbed,2019-01-01
17666,69101,69159,absorbed,2019-01-01
17667,69135,69135,code_reused,2019-01-01
17668,69147,69157,absorbed,2019-01-01
17669,69150,69135,absorbed,2019-01-01
17670,69157,69157,code_reused,2019-01-01
17671,69159,69159,code_reused,2019-01-01
17672,69185,69135,absorbed,2019-01-01
17673,69210,69135,absorbed,2019-01-01
17674,69211,69019,absorbed,2019-01-01
17675,69223,69157,absorbed,2019-01-01
17676,69224,69135,absorbed,2019-01-01
17677,69251,69135,absorbed,2019-01-01
17678,70245,70245,code_reused,2019-01-01
17679,70285,70285,code_reused,2019-01-01
17680,70375,70491,absorbed,2019-01-01
17681,70475,70245,absorbed,2019-01-01
17682,70491,70491,code_reused,2019-01-01
17683,70497,70285,absorbed,2019-01-01
17684,71055,71134,absorbed,2019-01-01
17685,71134,71134,code_reused,2019-01-01
17686,71304,71134,absorbed,2019-01-01
17687,72033,72219,absorbed,2019-01-01
17688,72080,72080,code_reused,2019-01-01
17689,72081,72080,absorbed,2019-01-01
17690,72097,72138,absorbed,2019-01-01
17691,72116,72189,absorbed,2019-01-01
17692,72128,72128,code_reused,2019-01-01
17693,72138,72138,code_reused,2019-01-01
17694,72189,72189,code_reused,2019-01-01
17695,72219,72219,code_reused,2019-01-01
17696,72284,72138,absorbed,2019-01-01
17697,72304,72128,absorbed,2019-01-01
17698,73002,73212,absorbed,2019-01-01
17699,73003,73003,code_reused,2019-01-01
17700,73045,73003,absorbed,2019-01-01
17701,73046,73187,absorbed,2019-01-01
17702,73080,73135,absorbed,2019-01-01
17703,73111,73215,absorbed,2019-01-01
17704,73112,73187,absorbed,2019-01-01
17705,73118,73151,absorbed,2019-01-01
17706,73127,73236,absorbed,2019-01-01
17707,73135,73135,code_reused,2019-01-01
17708,73151,73151,code_reused,2019-01-01
17709,73187,73187,code_reused,2019-01-01
17710,73203,73135,absorbed,2019-01-01
17711,73212,73212,code_reused,2019-01-01
17712,73215,73215,code_reused,2019-01-01
17713,73236,73236,code_reused,2019-01-01
17714,73244,73257,absorbed,2019-01-01
17715,73257,73257,code_reused,2019-01-01
17716,73260,73236,absorbed,2019-01-01
17717,73266,73003,absorbed,2019-01-01
17718,74110,74212,absorbed,2019-01-01
17719,74212,74212,code_reused,2019-01-01
17720,74274,74289,absorbed,2019-01-01
17721,74289,74289,code_reused,2019-01-01
17722,76034,76034,code_reused,2019-01-01
17723,76041,76041,code_reused,2019-01-01
17724,76191,76034,absorbed,2019-01-01
17725,76674,76034,absorbed,2019-01-01
17726,76729,76041,absorbed,2019-01-01
17727,77028,77433,absorbed,2019-01-01
17728,77109,77109,code_reused,2019-01-01
17729,77149,77109,absorbed,2019-01-01
17730,77399,77504,absorbed,2019-01-01
17731,77433,77433,code_reused,2019-01-01
17732,77504,77504,code_reused,2019-01-01
17733,78158,78158,code_reused,2019-01-01
17734,78251,78551,absorbed,2019-01-01
17735,78320,78320,code_reused,2019-01-01
17736,78503,78320,absorbed,2019-01-01
17737,78524,78158,absorbed,2019-01-01
17738,78551,78551,code_reused,2019-01-01
17739,79004,79185,absorbed,2019-01-01
17740,79005,79005,code_reused,2019-01-01
17741,79011,79140,absorbed,2019-01-01
17742,79014,79014,code_reused,2019-01-01
17743,79027,79083,absorbed,2019-01-01
17744,79035,79077,absorbed,2019-01-01
17745,79043,79014,absorbed,2019-01-01
17746,79045,79140,absorbed,2019-01-01
17747,79051,79179,absorbed,2019-01-01
17748,79054,79196,absorbed,2019-01-01
17749,79061,79061,code_reused,2019-01-01
17750,79064,79064,code_reused,2019-01-01
17751,79068,79105,absorbed,2019-01-01
17752,79075,79179,absorbed,2019-01-01
17753,79077,79077,code_reused,2019-01-01
17754,79083,79083,code_reused,2019-01-01
17755,79098,79217,absorbed,2019-01-01
17756,79105,79105,code_reused,2019-01-01
17757,79107,79083,absorbed,2019-01-01
17758,79140,79140,code_reused,2019-01-01
17759,79171,79329,absorbed,2019-01-01
17760,79173,79174,absorbed,2019-01-01
17761,79174,79174,code_reused,2019-01-01
17762,79178,79329,absorbed,2019-01-01
17763,79179,79179,code_reused,2019-01-01
17764,79185,79185,code_reused,2019-01-01
17765,79188,79179,absorbed,2019-01-01
17766,79196,79196,code_reused,2019-01-01
17767,79199,79174,absorbed,2019-01-01
17768,79211,79140,absorbed,2019-01-01
17769,79214,79251,absorbed,2019-01-01
17770,79217,79217,code_reused,2019-01-01
17771,79219,79334,absorbed,2019-01-01
17772,79222,79179,absorbed,2019-01-01
17773,79240,79185,absorbed,2019-01-01
17774,79251,79251,code_reused,2019-01-01
17775,79260,79196,absorbed,2019-01-01
17776,79261,79179,absorbed,2019-01-01
17777,79264,79174,absorbed,2019-01-01
17778,79279,79174,absorbed,2019-01-01
17779,79282,79061,absorbed,2019-01-01
17780,79285,79285,code_reused,2019-01-01
17781,79292,79329,absorbed,2019-01-01
17782,79314,79064,absorbed,2019-01-01
17783,79318,79285,absorbed,2019-01-01
17784,79321,79196,absorbed,2019-01-01
17785,79325,79005,absorbed,2019-01-01
17786,79328,79334,absorbed,2019-01-01
17787,79329,79329,code_reused,2019-01-01
17788,79330,79083,absorbed,2019-01-01
17789,79334,79334,code_reused,2019-01-01
17790,80175,80505,absorbed,2019-01-01
17791,80209,80625,absorbed,2019-01-01
17792,80389,80442,absorbed,2019-01-01
17793,80419,80625,absorbed,2019-01-01
17794,80442,80442,code_reused,2019-01-01
17795,80485,80485,code_reused,2019-01-01
17796,80505,80505,code_reused,2019-01-01
17797,80509,80509,code_reused,2019-01-01
17798,80551,80509,absorbed,2019-01-01
17799,80594,80485,absorbed,2019-01-01
17800,80625,80625,code_reused,2019-01-01
17801,80761,80485,absorbed,2019-01-01
17802,81226,81233,absorbed,2019-01-01
17803,81233,81233,code_reused,2019-01-01
17804,81241,81233,absorbed,2019-01-01
17805,81260,81233,absorbed,2019-01-01
17806,81296,81233,absorbed,2019-01-01
17807,81301,81233,absorbed,2019-01-01
17808,85027,85146,absorbed,2019-01-01
17809,85048,85302,absorbed,2019-01-01
17810,85060,85194,absorbed,2019-01-01
17811,85107,85146,absorbed,2019-01-01
17812,85146,85146,code_reused,2019-01-01
17813,85162,85162,code_reused,2019-01-01
17814,85166,85194,absorbed,2019-01-01
17815,85168,85162,absorbed,2019-01-01
17816,85177,85177,code_reused,2019-01-01
17817,85194,85194,code_reused,2019-01-01
17818,85217,85146,absorbed,2019-01-01
17819,85224,85146,absorbed,2019-01-01
17820,85299,85177,absorbed,2019-01-01
17821,85302,85302,code_reused,2019-01-01
17822,86021,86123,absorbed,2019-01-01
17823,86043,86082,absorbed,2019-01-01
17824,86056,86123,absorbed,2019-01-01
17825,86067,86082,absorbed,2019-01-01
17826,86082,86082,code_reused,2019-01-01
17827,86123,86123,code_reused,2019-01-01
17828,86166,86123,absorbed,2019-01-01
17829,86188,86082,absorbed,2019-01-01
17830,86277,86281,absorbed,2019-01-01
17831,86278,86082,absorbed,2019-01-01
17832,86281,86281,code_reused,2019-01-01
17833,87028,87028,code_reused,2019-01-01
17834,87055,87028,absorbed,2019-01-01
17835,87128,87128,code_reused,2019-01-01
17836,87136,87028,absorbed,2019-01-01
17837,87173,87128,absorbed,2019-01-01
17838,87184,87128,absorbed,2019-01-01
17839,87196,87028,absorbed,2019-01-01
17840,89109,89197,absorbed,2019-01-01
17841,89197,89197,code_reused,2019-01-01
17842,89340,89420,absorbed,2019-01-01
17843,89381,89197,absorbed,2019-01-01
17844,89420,89420,code_reused,2019-01-01
17845,89421,89197,absorbed,2019-01-01
17846,89448,89197,absorbed,2019-01-01
17847,90068,90068,code_reused,2019-01-01
17848,90073,90068,absorbed,2019-01-01
17849,91182,91228,absorbed,2019-01-01
17850,91222,91390,absorbed,2019-01-01
17851,91228,91228,code_reused,2019-01-01
17852,91390,91390,code_reused,2019-01-01
17853,04063,04063,renamed,2018-11-08
17854,16134,16134,renamed,2018-11-08
17855,35306,35306,renamed,2018-11-08
17856,45110,45110,renamed,2018-11-08
17857,51086,51086,renamed,2018-11-08
17858,59004,59004,renamed,2018-11-08
17859,70472,70472,renamed,2018-11-08
17860,79066,79066,renamed,2018-11-08
17861,84033,84033,renamed,2018-11-08
17862,93070,93070,renamed,2018-11-08
17863,95306,95306,renamed,2018-11-08
17864,17272,17340,absorbed,2018-03-01
17865,17340,17340,code_reused,2018-03-01
17866,01025,01025,code_reused,2018-01-01
17867,01144,01025,absorbed,2018-01-01
17868,05039,05039,code_reused,2018-01-01
17869,05043,05039,absorbed,2018-01-01
17870,05141,05039,absorbed,2018-01-01
17871,14513,50649,replaced,2018-01-01
17872,16296,16300,absorbed,2018-01-01
17873,16300,16300,code_reused,2018-01-01
17874,16309,16300,absorbed,2018-01-01
17875,17103,17457,absorbed,2018-01-01
17876,17160,17160,code_reused,2018-01-01
17877,17352,17457,absorbed,2018-01-01
17878,17392,17160,absorbed,2018-01-01
17879,17457,17457,code_reused,2018-01-01
17880,22050,22050,code_reused,2018-01-01
17881,22123,22050,absorbed,2018-01-01
17882,25078,25078,code_reused,2018-01-01
17883,25137,25368,absorbed,2018-01-01
17884,25368,25368,code_reused,2018-01-01
17885,25587,25078,absorbed,2018-01-01
17886,27089,27089,code_reused,2018-01-01
17887,27268,27447,absorbed,2018-01-01
17888,27290,27290,code_reused,2018-01-01
17889,27402,27447,absorbed,2018-01-01
17890,27447,27447,code_reused,2018-01-01
17891,27467,27467,code_reused,2018-01-01
17892,27471,27471,code_reused,2018-01-01
17893,27549,27467,absorbed,2018-01-01
17894,27642,27290,absorbed,2018-01-01
17895,27651,27471,absorbed,2018-01-01
17896,27657,27089,absorbed,2018-01-01
17897,28066,28127,absorbed,2018-01-01
17898,28127,28127,code_reused,2018-01-01
17899,28250,28127,absorbed,2018-01-01
17900,31277,31277,code_reused,2018-01-01
17901,31438,31277,absorbed,2018-01-01
17902,37209,37254,absorbed,2018-01-01
17903,37254,37254,code_reused,2018-01-01
17904,39016,39016,code_reused,2018-01-01
17905,39036,39209,absorbed,2018-01-01
17906,39148,39016,absorbed,2018-01-01
17907,39209,39209,code_reused,2018-01-01
17908,39542,39583,absorbed,2018-01-01
17909,39583,39583,code_reused,2018-01-01
17910,41005,41248,absorbed,2018-01-01
17911,41165,41248,absorbed,2018-01-01
17912,41197,41248,absorbed,2018-01-01
17913,41202,41248,absorbed,2018-01-01
17914,41248,41248,code_reused,2018-01-01
17915,44017,44180,absorbed,2018-01-01
17916,44093,44180,absorbed,2018-01-01
17917,44180,44180,code_reused,2018-01-01
17918,44191,44180,absorbed,2018-01-01
17919,44219,44180,absorbed,2018-01-01
17920,44225,44180,absorbed,2018-01-01
17921,46158,46262,absorbed,2018-01-01
17922,46262,46262,code_reused,2018-01-01
17923,46274,46262,absorbed,2018-01-01
17924,49144,44225,replaced,2018-01-01
17925,49149,49261,absorbed,2018-01-01
17926,49261,49261,code_reused,2018-01-01
17927,49304,49261,absorbed,2018-01-01
17928,50248,50409,absorbed,2018-01-01
17929,50409,50409,code_reused,2018-01-01
17930,50592,50592,code_reused,2018-01-01
17931,50649,50592,absorbed,2018-01-01
17932,51271,51612,absorbed,2018-01-01
17933,51411,51612,absorbed,2018-01-01
17934,51612,51612,code_reused,2018-01-01
17935,51651,51612,absorbed,2018-01-01
17936,53004,53124,absorbed,2018-01-01
17937,53124,53124,code_reused,2018-01-01
17938,60644,60644,code_reused,2018-01-01
17939,60690,60644,absorbed,2018-01-01
17940,61153,61153,code_reused,2018-01-01
17941,61173,61153,absorbed,2018-01-01
17942,61194,61194,code_reused,2018-01-01
17943,61285,61194,absorbed,2018-01-01
17944,61299,61429,absorbed,2018-01-01
17945,61311,61429,absorbed,2018-01-01
17946,61429,61429,code_reused,2018-01-01
17947,61468,61194,absorbed,2018-01-01
17948,67153,67153,code_reused,2018-01-01
17949,67560,67153,absorbed,2018-01-01
17950,69048,69179,absorbed,2018-01-01
17951,69179,69179,code_reused,2018-01-01
17952,69213,69179,absorbed,2018-01-01
17953,72117,72176,absorbed,2018-01-01
17954,72176,72176,code_reused,2018-01-01
17955,79033,79078,absorbed,2018-01-01
17956,79039,79078,absorbed,2018-01-01
17957,79078,79078,code_reused,2018-01-01
17958,79247,79078,absorbed,2018-01-01
17959,95040,95040,code_reused,2018-01-01
17960,95259,95040,absorbed,2018-01-01
17961,02333,02333,renamed,2017-12-25
17962,22183,22183,renamed,2017-12-25
17963,32374,32374,renamed,2017-12-25
17964,41110,41110,renamed,2017-12-25
17965,55296,55296,renamed,2017-12-25
17966,55471,55471,renamed,2017-12-25
17967,76087,76087,renamed,2017-12-25
17968,95308,95308,renamed,2017-12-25
17969,05024,05024,code_reused,2017-07-01
17970,05088,05024,absorbed,2017-07-01
17971,05150,05024,absorbed,2017-07-01
17972,36072,36072,renamed,2017-02-10
17973,41096,41096,renamed,2017-02-10
17974,62671,62671,renamed,2017-02-10
17975,66051,66051,renamed,2017-02-10
17976,66182,66182,renamed,2017-02-10
17977,74267,74267,renamed,2017-02-10
17978,82021,82021,renamed,2017-02-10
17979,85098,85098,renamed,2017-02-10
17980,01095,01095,code_reused,2017-01-01
17981,01098,01098,code_reused,2017-01-01
17982,01172,01095,absorbed,2017-01-01
17983,01316,01098,absorbed,2017-01-01
17984,03168,03168,code_reused,2017-01-01
17985,03318,03168,absorbed,2017-01-01
17986,04033,04033,code_reused,2017-01-01
17987,04198,04033,absorbed,2017-01-01
17988,05101,05101,code_reused,2017-01-01
17989,05175,05101,absorbed,2017-01-01
17990,08053,08053,code_reused,2017-01-01
17991,08072,08491,absorbed,2017-01-01
17992,08371,08053,absorbed,2017-01-01
17993,08475,08053,absorbed,2017-01-01
17994,08491,08491,code_reused,2017-01-01
17995,09062,09062,code_reused,2017-01-01
17996,09317,09062,absorbed,2017-01-01
17997,12020,12090,absorbed,2017-01-01
17998,12090,12090,code_reused,2017-01-01
17999,14004,14281,absorbed,2017-01-01
18000,14005,14005,code_reused,2017-01-01
18001,14008,14355,absorbed,2017-01-01
18002,14011,14011,code_reused,2017-01-01
18003,14027,14027,code_reused,2017-01-01
18004,14031,14431,absorbed,2017-01-01
18005,14056,14027,absorbed,2017-01-01
18006,14073,14579,absorbed,2017-01-01
18007,14074,14005,absorbed,2017-01-01
18008,14075,14410,absorbed,2017-01-01
18009,14081,14654,absorbed,2017-01-01
18010,14098,14098,code_reused,2017-01-01
18011,14099,14654,absorbed,2017-01-01
18012,14109,14098,absorbed,2017-01-01
18013,14128,14027,absorbed,2017-01-01
18014,14142,14342,absorbed,2017-01-01
18015,14143,14143,code_reused,2017-01-01
18016,14151,14658,absorbed,2017-01-01
18017,14157,14098,absorbed,2017-01-01
18018,14158,14456,absorbed,2017-01-01
18019,14164,14349,absorbed,2017-01-01
18020,14176,14005,absorbed,2017-01-01
18021,14186,14406,absorbed,2017-01-01
18022,14189,14431,absorbed,2017-01-01
18023,14192,14658,absorbed,2017-01-01
18024,14200,14200,code_reused,2017-01-01
18025,14201,14431,absorbed,2017-01-01
18026,14208,14431,absorbed,2017-01-01
18027,14212,14406,absorbed,2017-01-01
18028,14217,14672,absorbed,2017-01-01
18029,14219,14027,absorbed,2017-01-01
18030,14235,14281,absorbed,2017-01-01
18031,14268,14005,absorbed,2017-01-01
18032,14279,14658,absorbed,2017-01-01
18033,14281,14281,code_reused,2017-01-01
18034,14296,14658,absorbed,2017-01-01
18035,14313,14431,absorbed,2017-01-01
18036,14331,14654,absorbed,2017-01-01
18037,14342,14342,code_reused,2017-01-01
18038,14347,14347,code_reused,2017-01-01
18039,14349,14349,code_reused,2017-01-01
18040,14350,14672,absorbed,2017-01-01
18041,14355,14355,code_reused,2017-01-01
18042,14357,14357,code_reused,2017-01-01
18043,14359,14431,absorbed,2017-01-01
18044,14372,14143,absorbed,2017-01-01
18045,14373,14475,absorbed,2017-01-01
18046,14376,14011,absorbed,2017-01-01
18047,14382,14281,absorbed,2017-01-01
18048,14386,14431,absorbed,2017-01-01
18049,14387,14431,absorbed,2017-01-01
18050,14406,14406,code_reused,2017-01-01
18051,14410,14410,code_reused,2017-01-01
18052,14413,14347,absorbed,2017-01-01
18053,14415,14658,absorbed,2017-01-01
18054,14416,14658,absorbed,2017-01-01
18055,14417,14658,absorbed,2017-01-01
18056,14422,14431,absorbed,2017-01-01
18057,14423,14098,absorbed,2017-01-01
18058,14431,14431,code_reused,2017-01-01
18059,14433,14654,absorbed,2017-01-01
18060,14444,14431,absorbed,2017-01-01
18061,14450,14654,absorbed,2017-01-01
18062,14456,14456,code_reused,2017-01-01
18063,14462,14342,absorbed,2017-01-01
18064,14472,14654,absorbed,2017-01-01
18065,14475,14475,code_reused,2017-01-01
18066,14477,14027,absorbed,2017-01-01
18067,14481,14342,absorbed,2017-01-01
18068,14489,14654,absorbed,2017-01-01
18069,14493,14431,absorbed,2017-01-01
18070,14508,14027,absorbed,2017-01-01
18071,14517,14005,absorbed,2017-01-01
18072,14525,14098,absorbed,2017-01-01
18073,14527,14527,code_reused,2017-01-01
18074,14544,14027,absorbed,2017-01-01
18075,14548,14406,absorbed,2017-01-01
18076,14551,14591,absorbed,2017-01-01
18077,14568,14098,absorbed,2017-01-01
18078,14577,14200,absorbed,2017-01-01
18079,14579,14579,code_reused,2017-01-01
18080,14580,14654,absorbed,2017-01-01
18081,14581,14011,absorbed,2017-01-01
18082,14591,14591,code_reused,2017-01-01
18083,14596,14672,absorbed,2017-01-01
18084,14597,14357,absorbed,2017-01-01
18085,14600,14431,absorbed,2017-01-01
18086,14608,14527,absorbed,2017-01-01
18087,14611,14658,absorbed,2017-01-01
18088,14616,14654,absorbed,2017-01-01
18089,14654,14654,code_reused,2017-01-01
18090,14658,14658,code_reused,2017-01-01
18091,14662,14357,absorbed,2017-01-01
18092,14666,14712,absorbed,2017-01-01
18093,14671,14658,absorbed,2017-01-01
18094,14672,14672,code_reused,2017-01-01
18095,14688,14654,absorbed,2017-01-01
18096,14690,14355,absorbed,2017-01-01
18097,14695,14011,absorbed,2017-01-01
18098,14702,14475,absorbed,2017-01-01
18099,14712,14712,code_reused,2017-01-01
18100,14722,14143,absorbed,2017-01-01
18101,14729,14654,absorbed,2017-01-01
18102,14749,14431,absorbed,2017-01-01
18103,14750,14654,absorbed,2017-01-01
18104,14757,14200,absorbed,2017-01-01
18105,14763,14342,absorbed,2017-01-01
18106,15044,15138,absorbed,2017-01-01
18107,15099,15142,absorbed,2017-01-01
18108,15138,15138,code_reused,2017-01-01
18109,15142,15142,code_reused,2017-01-01
18110,15145,15142,absorbed,2017-01-01
18111,15227,15142,absorbed,2017-01-01
18112,16004,16230,absorbed,2017-01-01
18113,16023,16023,code_reused,2017-01-01
18114,16033,16023,absorbed,2017-01-01
18115,16046,16046,code_reused,2017-01-01
18116,16094,16023,absorbed,2017-01-01
18117,16115,16046,absorbed,2017-01-01
18118,16129,16204,absorbed,2017-01-01
18119,16204,16204,code_reused,2017-01-01
18120,16230,16230,code_reused,2017-01-01
18121,16247,16204,absorbed,2017-01-01
18122,16294,16230,absorbed,2017-01-01
18123,16314,16230,absorbed,2017-01-01
18124,16328,16230,absorbed,2017-01-01
18125,16386,16204,absorbed,2017-01-01
18126,16417,16204,absorbed,2017-01-01
18127,19010,19010,code_reused,2017-01-01
18128,19183,19010,absorbed,2017-01-01
18129,19218,19252,absorbed,2017-01-01
18130,19252,19252,code_reused,2017-01-01
18131,21195,21195,code_reused,2017-01-01
18132,21658,21195,absorbed,2017-01-01
18133,22107,22107,code_reused,2017-01-01
18134,22158,22158,code_reused,2017-01-01
18135,22167,22107,absorbed,2017-01-01
18136,22192,22209,absorbed,2017-01-01
18137,22209,22209,code_reused,2017-01-01
18138,22290,22107,absorbed,2017-01-01
18139,22298,22158,absorbed,2017-01-01
18140,22357,22209,absorbed,2017-01-01
18141,23192,23192,code_reused,2017-01-01
18142,23231,23192,absorbed,2017-01-01
18143,24026,24026,code_reused,2017-01-01
18144,24033,24253,absorbed,2017-01-01
18145,24041,24087,absorbed,2017-01-01
18146,24044,24026,absorbed,2017-01-01
18147,24047,24147,absorbed,2017-01-01
18148,24053,24053,code_reused,2017-01-01
18149,24065,24312,absorbed,2017-01-01
18150,24087,24087,code_reused,2017-01-01
18151,24092,24362,absorbed,2017-01-01
18152,24093,24554,absorbed,2017-01-01
18153,24099,24253,absorbed,2017-01-01
18154,24103,24026,absorbed,2017-01-01
18155,24117,24117,code_reused,2017-01-01
18156,24147,24147,code_reused,2017-01-01
18157,24166,24026,absorbed,2017-01-01
18158,24178,24490,absorbed,2017-01-01
18159,24203,24253,absorbed,2017-01-01
18160,24204,24117,absorbed,2017-01-01
18161,24216,24216,code_reused,2017-01-01
18162,24235,24253,absorbed,2017-01-01
18163,24253,24253,code_reused,2017-01-01
18164,24258,24312,absorbed,2017-01-01
18165,24270,24026,absorbed,2017-01-01
18166,24283,24253,absorbed,2017-01-01
18167,24312,24312,code_reused,2017-01-01
18168,24333,24216,absorbed,2017-01-01
18169,24344,24253,absorbed,2017-01-01
18170,24362,24362,code_reused,2017-01-01
18171,24368,24490,absorbed,2017-01-01
18172,24369,24026,absorbed,2017-01-01
18173,24447,24053,absorbed,2017-01-01
18174,24475,24147,absorbed,2017-01-01
18175,24490,24490,code_reused,2017-01-01
18176,24503,24253,absorbed,2017-01-01
18177,24554,24554,code_reused,2017-01-01
18178,24579,24253,absorbed,2017-01-01
18179,25123,25222,absorbed,2017-01-01
18180,25147,25147,code_reused,2017-01-01
18181,25156,25156,code_reused,2017-01-01
18182,25222,25222,code_reused,2017-01-01
18183,25319,25334,absorbed,2017-01-01
18184,25334,25334,code_reused,2017-01-01
18185,25399,25460,absorbed,2017-01-01
18186,25460,25460,code_reused,2017-01-01
18187,25531,25156,absorbed,2017-01-01
18188,25593,25147,absorbed,2017-01-01
18189,25610,25222,absorbed,2017-01-01
18190,27058,27676,absorbed,2017-01-01
18191,27062,27062,code_reused,2017-01-01
18192,27089,27089,code_reused,2017-01-01
18193,27090,27090,code_reused,2017-01-01
18194,27092,27062,absorbed,2017-01-01
18195,27093,27090,absorbed,2017-01-01
18196,27131,27425,absorbed,2017-01-01
18197,27150,27554,absorbed,2017-01-01
18198,27253,27425,absorbed,2017-01-01
18199,27265,27679,absorbed,2017-01-01
18200,27274,27294,absorbed,2017-01-01
18201,27294,27294,code_reused,2017-01-01
18202,27344,27062,absorbed,2017-01-01
18203,27412,27412,code_reused,2017-01-01
18204,27425,27425,code_reused,2017-01-01
18205,27448,27448,code_reused,2017-01-01
18206,27452,27425,absorbed,2017-01-01
18207,27510,27448,absorbed,2017-01-01
18208,27554,27554,code_reused,2017-01-01
18209,27588,27554,absorbed,2017-01-01
18210,27626,27089,absorbed,2017-01-01
18211,27647,27676,absorbed,2017-01-01
18212,27648,27412,absorbed,2017-01-01
18213,27676,27676,code_reused,2017-01-01
18214,27679,27679,code_reused,2017-01-01
18215,28012,28012,code_reused,2017-01-01
18216,28017,28103,absorbed,2017-01-01
18217,28044,28012,absorbed,2017-01-01
18218,28083,28103,absorbed,2017-01-01
18219,28093,28012,absorbed,2017-01-01
18220,28101,28330,absorbed,2017-01-01
18221,28103,28103,code_reused,2017-01-01
18222,28115,28012,absorbed,2017-01-01
18223,28133,28103,absorbed,2017-01-01
18224,28150,28103,absorbed,2017-01-01
18225,28204,28012,absorbed,2017-01-01
18226,28224,28330,absorbed,2017-01-01
18227,28241,28103,absorbed,2017-01-01
18228,28262,28103,absorbed,2017-01-01
18229,28295,28330,absorbed,2017-01-01
18230,28318,28103,absorbed,2017-01-01
18231,28330,28330,code_reused,2017-01-01
18232,28340,28103,absorbed,2017-01-01
18233,28356,28012,absorbed,2017-01-01
18234,29021,29021,code_reused,2017-01-01
18235,29076,29076,code_reused,2017-01-01
18236,29149,29076,absorbed,2017-01-01
18237,29203,29021,absorbed,2017-01-01
18238,31307,31412,absorbed,2017-01-01
18239,31412,31412,code_reused,2017-01-01
18240,33091,33268,absorbed,2017-01-01
18241,33106,33106,code_reused,2017-01-01
18242,33107,33106,absorbed,2017-01-01
18243,33268,33268,code_reused,2017-01-01
18244,35048,35168,absorbed,2017-01-01
18245,35069,35069,code_reused,2017-01-01
18246,35083,35191,absorbed,2017-01-01
18247,35168,35168,code_reused,2017-01-01
18248,35191,35191,code_reused,2017-01-01
18249,35209,35069,absorbed,2017-01-01
18250,35254,35069,absorbed,2017-01-01
18251,35257,35257,code_reused,2017-01-01
18252,35267,35257,absorbed,2017-01-01
18253,35323,35191,absorbed,2017-01-01
18254,37021,37021,code_reused,2017-01-01
18255,37102,37123,absorbed,2017-01-01
18256,37120,37232,absorbed,2017-01-01
18257,37123,37123,code_reused,2017-01-01
18258,37135,37021,absorbed,2017-01-01
18259,37227,37232,absorbed,2017-01-01
18260,37232,37232,code_reused,2017-01-01
18261,38014,38297,absorbed,2017-01-01
18262,38125,38456,absorbed,2017-01-01
18263,38253,38253,code_reused,2017-01-01
18264,38292,38292,code_reused,2017-01-01
18265,38297,38297,code_reused,2017-01-01
18266,38305,38292,absorbed,2017-01-01
18267,38312,38407,absorbed,2017-01-01
18268,38407,38407,code_reused,2017-01-01
18269,38456,38456,code_reused,2017-01-01
18270,38534,38253,absorbed,2017-01-01
18271,39018,39018,code_reused,2017-01-01
18272,39064,39576,absorbed,2017-01-01
18273,39069,39485,absorbed,2017-01-01
18274,39123,39290,absorbed,2017-01-01
18275,39158,39530,absorbed,2017-01-01
18276,39186,39491,absorbed,2017-01-01
18277,39195,39273,absorbed,2017-01-01
18278,39224,39290,absorbed,2017-01-01
18279,39264,39576,absorbed,2017-01-01
18280,39273,39273,code_reused,2017-01-01
18281,39290,39290,code_reused,2017-01-01
18282,39303,39485,absorbed,2017-01-01
18283,39309,39537,absorbed,2017-01-01
18284,39341,39510,absorbed,2017-01-01
18285,39347,39273,absorbed,2017-01-01
18286,39485,39485,code_reused,2017-01-01
18287,39491,39491,code_reused,2017-01-01
18288,39506,39290,absorbed,2017-01-01
18289,39510,39510,code_reused,2017-01-01
18290,39530,39530,code_reused,2017-01-01
18291,39537,39537,code_reused,2017-01-01
18292,39549,39576,absorbed,2017-01-01
18293,39564,39485,absorbed,2017-01-01
18294,39566,39018,absorbed,2017-01-01
18295,39576,39576,code_reused,2017-01-01
18296,40048,40243,absorbed,2017-01-01
18297,40243,40243,code_reused,2017-01-01
18298,41011,41171,absorbed,2017-01-01
18299,41015,41171,absorbed,2017-01-01
18300,41033,41142,absorbed,2017-01-01
18301,41055,41055,code_reused,2017-01-01
18302,41064,41055,absorbed,2017-01-01
18303,41142,41142,code_reused,2017-01-01
18304,41167,41167,code_reused,2017-01-01
18305,41171,41171,code_reused,2017-01-01
18306,41210,41171,absorbed,2017-01-01
18307,41240,41055,absorbed,2017-01-01
18308,41272,41167,absorbed,2017-01-01
18309,43176,43221,absorbed,2017-01-01
18310,43221,43221,code_reused,2017-01-01
18311,45051,45051,code_reused,2017-01-01
18312,45267,45051,absorbed,2017-01-01
18313,46063,46063,code_reused,2017-01-01
18314,46077,46156,absorbed,2017-01-01
18315,46156,46156,code_reused,2017-01-01
18316,46248,46063,absorbed,2017-01-01
18317,46268,46268,code_reused,2017-01-01
18318,46327,46156,absorbed,2017-01-01
18319,46331,46268,absorbed,2017-01-01
18320,48009,48009,code_reused,2017-01-01
18321,48014,48027,absorbed,2017-01-01
18322,48023,48027,absorbed,2017-01-01
18323,48027,48027,code_reused,2017-01-01
18324,48040,48027,absorbed,2017-01-01
18325,48047,48009,absorbed,2017-01-01
18326,48060,48009,absorbed,2017-01-01
18327,48076,48009,absorbed,2017-01-01
18328,48084,48139,absorbed,2017-01-01
18329,48087,48087,code_reused,2017-01-01
18330,48093,48027,absorbed,2017-01-01
18331,48094,48094,code_reused,2017-01-01
18332,48101,48146,absorbed,2017-01-01
18333,48120,48087,absorbed,2017-01-01
18334,48122,48146,absorbed,2017-01-01
18335,48125,48094,absorbed,2017-01-01
18336,48139,48139,code_reused,2017-01-01
18337,48142,48009,absorbed,2017-01-01
18338,48146,48146,code_reused,2017-01-01
18339,48154,48094,absorbed,2017-01-01
18340,48164,48027,absorbed,2017-01-01
18341,48180,48094,absorbed,2017-01-01
18342,48183,48009,absorbed,2017-01-01
18343,48195,48094,absorbed,2017-01-01
18344,49086,49086,code_reused,2017-01-01
18345,49119,49220,absorbed,2017-01-01
18346,49191,49086,absorbed,2017-01-01
18347,49220,49220,code_reused,2017-01-01
18348,49227,49086,absorbed,2017-01-01
18349,50001,50041,absorbed,2017-01-01
18350,50018,50487,absorbed,2017-01-01
18351,50020,50041,absorbed,2017-01-01
18352,50037,50260,absorbed,2017-01-01
18353,50041,50041,code_reused,2017-01-01
18354,50043,50260,absorbed,2017-01-01
18355,50057,50041,absorbed,2017-01-01
18356,50073,50041,absorbed,2017-01-01
18357,50080,50099,absorbed,2017-01-01
18358,50095,50095,code_reused,2017-01-01
18359,50099,50099,code_reused,2017-01-01
18360,50100,50487,absorbed,2017-01-01
18361,50119,50431,absorbed,2017-01-01
18362,50125,50260,absorbed,2017-01-01
18363,50131,50260,absorbed,2017-01-01
18364,50139,50139,code_reused,2017-01-01
18365,50154,50487,absorbed,2017-01-01
18366,50163,50041,absorbed,2017-01-01
18367,50171,50041,absorbed,2017-01-01
18368,50187,50041,absorbed,2017-01-01
18369,50220,50041,absorbed,2017-01-01
18370,50242,50041,absorbed,2017-01-01
18371,50257,50041,absorbed,2017-01-01
18372,50260,50260,code_reused,2017-01-01
18373,50318,50260,absorbed,2017-01-01
18374,50323,50260,absorbed,2017-01-01
18375,50325,50431,absorbed,2017-01-01
18376,50333,50400,absorbed,2017-01-01
18377,50337,50487,absorbed,2017-01-01
18378,50385,50041,absorbed,2017-01-01
18379,50386,50041,absorbed,2017-01-01
18380,50400,50400,code_reused,2017-01-01
18381,50404,50444,absorbed,2017-01-01
18382,50431,50431,code_reused,2017-01-01
18383,50444,50444,code_reused,2017-01-01
18384,50460,50041,absorbed,2017-01-01
18385,50465,50095,absorbed,2017-01-01
18386,50477,50041,absorbed,2017-01-01
18387,50487,50487,code_reused,2017-01-01
18388,50534,50099,absorbed,2017-01-01
18389,50600,50041,absorbed,2017-01-01
18390,50608,50139,absorbed,2017-01-01
18391,50611,50041,absorbed,2017-01-01
18392,50620,50041,absorbed,2017-01-01
18393,50623,50041,absorbed,2017-01-01
18394,50627,50487,absorbed,2017-01-01
18395,50631,50099,absorbed,2017-01-01
18396,50640,50487,absorbed,2017-01-01
18397,51075,51075,code_reused,2017-01-01
18398,51171,51171,code_reused,2017-01-01
18399,51261,51075,absorbed,2017-01-01
18400,51664,51171,absorbed,2017-01-01
18401,52140,52140,code_reused,2017-01-01
18402,52262,52140,absorbed,2017-01-01
18403,53017,53017,code_reused,2017-01-01
18404,53032,53228,absorbed,2017-01-01
18405,53095,53017,absorbed,2017-01-01
18406,53161,53161,code_reused,2017-01-01
18407,53205,53161,absorbed,2017-01-01
18408,53228,53228,code_reused,2017-01-01
18409,54099,54099,code_reused,2017-01-01
18410,54341,54099,absorbed,2017-01-01
18411,54342,54099,absorbed,2017-01-01
18412,56033,56033,code_reused,2017-01-01
18413,56038,56061,absorbed,2017-01-01
18414,56061,56061,code_reused,2017-01-01
18415,56064,56061,absorbed,2017-01-01
18416,56183,56033,absorbed,2017-01-01
18417,57482,57482,code_reused,2017-01-01
18418,57523,57482,absorbed,2017-01-01
18419,58022,58204,absorbed,2017-01-01
18420,58204,58204,code_reused,2017-01-01
18421,60029,60029,code_reused,2017-01-01
18422,60196,60196,code_reused,2017-01-01
18423,60453,60196,absorbed,2017-01-01
18424,60532,60196,absorbed,2017-01-01
18425,60649,60029,absorbed,2017-01-01
18426,61009,61474,absorbed,2017-01-01
18427,61019,61474,absorbed,2017-01-01
18428,61057,61474,absorbed,2017-01-01
18429,61083,61474,absorbed,2017-01-01
18430,61110,61474,absorbed,2017-01-01
18431,61131,61474,absorbed,2017-01-01
18432,61154,61196,absorbed,2017-01-01
18433,61157,61474,absorbed,2017-01-01
18434,61161,61474,absorbed,2017-01-01
18435,61196,61196,code_reused,2017-01-01
18436,61315,61474,absorbed,2017-01-01
18437,61318,61196,absorbed,2017-01-01
18438,61325,61196,absorbed,2017-01-01
18439,61437,61196,absorbed,2017-01-01
18440,61449,61474,absorbed,2017-01-01
18441,61471,61196,absorbed,2017-01-01
18442,61474,61474,code_reused,2017-01-01
18443,61477,61474,absorbed,2017-01-01
18444,61496,61474,absorbed,2017-01-01
18445,61504,61474,absorbed,2017-01-01
18446,62294,62295,absorbed,2017-01-01
18447,62295,62295,code_reused,2017-01-01
18448,64020,64225,absorbed,2017-01-01
18449,64225,64225,code_reused,2017-01-01
18450,65081,65081,code_reused,2017-01-01
18451,65312,65081,absorbed,2017-01-01
18452,65399,65399,code_reused,2017-01-01
18453,65480,65399,absorbed,2017-01-01
18454,67202,67202,code_reused,2017-01-01
18455,67439,67202,absorbed,2017-01-01
18456,69024,69024,code_reused,2017-01-01
18457,69114,69159,absorbed,2017-01-01
18458,69146,69024,absorbed,2017-01-01
18459,69159,69159,code_reused,2017-01-01
18460,69195,69228,absorbed,2017-01-01
18461,69222,69024,absorbed,2017-01-01
18462,69228,69228,code_reused,2017-01-01
18463,69237,69228,absorbed,2017-01-01
18464,70345,70489,absorbed,2017-01-01
18465,70489,70489,code_reused,2017-01-01
18466,71180,71582,absorbed,2017-01-01
18467,71288,71582,absorbed,2017-01-01
18468,71582,71582,code_reused,2017-01-01
18469,71587,71582,absorbed,2017-01-01
18470,72025,72025,code_reused,2017-01-01
18471,72063,72262,absorbed,2017-01-01
18472,72082,72308,absorbed,2017-01-01
18473,72108,72025,absorbed,2017-01-01
18474,72159,72262,absorbed,2017-01-01
18475,72240,72262,absorbed,2017-01-01
18476,72262,72262,code_reused,2017-01-01
18477,72308,72308,code_reused,2017-01-01
18478,73056,73290,absorbed,2017-01-01
18479,73143,73290,absorbed,2017-01-01
18480,73144,73290,absorbed,2017-01-01
18481,73163,73235,absorbed,2017-01-01
18482,73167,73235,absorbed,2017-01-01
18483,73198,73227,absorbed,2017-01-01
18484,73227,73227,code_reused,2017-01-01
18485,73235,73235,code_reused,2017-01-01
18486,73287,73290,absorbed,2017-01-01
18487,73290,73290,code_reused,2017-01-01
18488,74010,74010,code_reused,2017-01-01
18489,74011,74010,absorbed,2017-01-01
18490,74022,74282,absorbed,2017-01-01
18491,74093,74010,absorbed,2017-01-01
18492,74120,74282,absorbed,2017-01-01
18493,74182,74010,absorbed,2017-01-01
18494,74204,74282,absorbed,2017-01-01
18495,74217,74010,absorbed,2017-01-01
18496,74245,74282,absorbed,2017-01-01
18497,74268,74010,absorbed,2017-01-01
18498,74282,74282,code_reused,2017-01-01
18499,76044,76258,absorbed,2017-01-01
18500,76078,76258,absorbed,2017-01-01
18501,76080,76258,absorbed,2017-01-01
18502,76127,76146,absorbed,2017-01-01
18503,76146,76146,code_reused,2017-01-01
18504,76248,76146,absorbed,2017-01-01
18505,76258,76258,code_reused,2017-01-01
18506,76525,76258,absorbed,2017-01-01
18507,76607,76258,absorbed,2017-01-01
18508,76639,76258,absorbed,2017-01-01
18509,76676,76601,split,2017-01-01
18510,77316,77316,code_reused,2017-01-01
18511,77491,77316,absorbed,2017-01-01
18512,79006,79136,absorbed,2017-01-01
18513,79044,79063,absorbed,2017-01-01
18514,79063,79063,code_reused,2017-01-01
18515,79136,79136,code_reused,2017-01-01
18516,79168,79063,absorbed,2017-01-01
18517,79185,79185,code_reused,2017-01-01
18518,79327,79185,absorbed,2017-01-01
18519,80295,80295,code_reused,2017-01-01
18520,80447,80621,absorbed,2017-01-01
18521,80532,80295,absorbed,2017-01-01
18522,80608,80621,absorbed,2017-01-01
18523,80621,80621,code_reused,2017-01-01
18524,81113,81218,absorbed,2017-01-01
18525,81218,81218,code_reused,2017-01-01
18526,85009,85009,code_reused,2017-01-01
18527,85044,85009,absorbed,2017-01-01
18528,85052,85152,absorbed,2017-01-01
18529,85152,85152,code_reused,2017-01-01
18530,86019,86019,code_reused,2017-01-01
18531,86030,86281,absorbed,2017-01-01
18532,86053,86053,code_reused,2017-01-01
18533,86060,86281,absorbed,2017-01-01
18534,86071,86281,absorbed,2017-01-01
18535,86115,86115,code_reused,2017-01-01
18536,86146,86115,absorbed,2017-01-01
18537,86208,86053,absorbed,2017-01-01
18538,86219,86019,absorbed,2017-01-01
18539,86281,86281,code_reused,2017-01-01
18540,88029,88029,code_reused,2017-01-01
18541,88234,88029,absorbed,2017-01-01
18542,88235,88029,absorbed,2017-01-01
18543,88392,88475,absorbed,2017-01-01
18544,88475,88475,code_reused,2017-01-01
18545,89001,89130,absorbed,2017-01-01
18546,89003,89003,code_reused,2017-01-01
18547,89078,89003,absorbed,2017-01-01
18548,89130,89130,code_reused,2017-01-01
18549,89174,89405,absorbed,2017-01-01
18550,89260,89405,absorbed,2017-01-01
18551,89405,89405,code_reused,2017-01-01
18552,89473,89003,absorbed,2017-01-01
18553,89484,89003,absorbed,2017-01-01
18554,02344,51664,replaced,2016-12-31
18555,49047,49125,absorbed,2016-12-30
18556,49104,49125,absorbed,2016-12-30
18557,49125,49125,code_reused,2016-12-30
18558,49141,49125,absorbed,2016-12-30
18559,49198,49125,absorbed,2016-12-30
18560,49207,49125,absorbed,2016-12-30
18561,49282,49125,absorbed,2016-12-30
18562,49365,49125,absorbed,2016-12-30
18563,49001,49050,absorbed,2016-12-15
18564,49013,49228,absorbed,2016-12-15
18565,49014,49331,absorbed,2016-12-15
18566,49037,49331,absorbed,2016-12-15
18567,49044,49228,absorbed,2016-12-15
18568,49050,49050,code_reused,2016-12-15
18569,49051,49065,absorbed,2016-12-15
18570,49052,49228,absorbed,2016-12-15
18571,49062,49228,absorbed,2016-12-15
18572,49065,49065,code_reused,2016-12-15
18573,49073,49248,absorbed,2016-12-15
18574,49077,49331,absorbed,2016-12-15
18575,49078,49050,absorbed,2016-12-15
18576,49081,49331,absorbed,2016-12-15
18577,49087,49228,absorbed,2016-12-15
18578,49088,49248,absorbed,2016-12-15
18579,49091,49050,absorbed,2016-12-15
18580,49096,49065,absorbed,2016-12-15
18581,49098,49228,absorbed,2016-12-15
18582,49103,49248,absorbed,2016-12-15
18583,49105,49065,absorbed,2016-12-15
18584,49108,49183,absorbed,2016-12-15
18585,49115,49050,absorbed,2016-12-15
18586,49122,49228,absorbed,2016-12-15
18587,49136,49331,absorbed,2016-12-15
18588,49150,49228,absorbed,2016-12-15
18589,49156,49248,absorbed,2016-12-15
18590,49158,49331,absorbed,2016-12-15
18591,49167,49167,code_reused,2016-12-15
18592,49173,49228,absorbed,2016-12-15
18593,49175,49228,absorbed,2016-12-15
18594,49183,49183,code_reused,2016-12-15
18595,49184,49331,absorbed,2016-12-15
18596,49186,49050,absorbed,2016-12-15
18597,49187,49331,absorbed,2016-12-15
18598,49189,49065,absorbed,2016-12-15
18599,49197,49228,absorbed,2016-12-15
18600,49202,49228,absorbed,2016-12-15
18601,49208,49331,absorbed,2016-12-15
18602,49226,49248,absorbed,2016-12-15
18603,49228,49228,code_reused,2016-12-15
18604,49229,49331,absorbed,2016-12-15
18605,49233,49331,absorbed,2016-12-15
18606,49234,49228,absorbed,2016-12-15
18607,49248,49248,code_reused,2016-12-15
18608,49250,49248,absorbed,2016-12-15
18609,49254,49065,absorbed,2016-12-15
18610,49277,49331,absorbed,2016-12-15
18611,49290,49167,absorbed,2016-12-15
18612,49305,49331,absorbed,2016-12-15
18613,49309,49248,absorbed,2016-12-15
18614,49317,49050,absorbed,2016-12-15
18615,49318,49050,absorbed,2016-12-15
18616,49319,49331,absorbed,2016-12-15
18617,49327,49050,absorbed,2016-12-15
18618,49331,49331,code_reused,2016-12-15
18619,49335,49065,absorbed,2016-12-15
18620,49354,49248,absorbed,2016-12-15
18621,49363,49050,absorbed,2016-12-15
18622,49366,49248,absorbed,2016-12-15
18623,49376,49183,absorbed,2016-12-15
18624,15031,15141,absorbed,2016-12-01
18625,15035,15141,absorbed,2016-12-01
18626,15047,15141,absorbed,2016-12-01
18627,15141,15141,code_reused,2016-12-01
18628,15171,15141,absorbed,2016-12-01
18629,72071,72071,code_reused,2016-10-01
18630,72203,72071,absorbed,2016-10-01
18631,72384,72071,absorbed,2016-10-01
18632,62431,62471,absorbed,2016-09-01
18633,62471,62471,code_reused,2016-09-01
18634,08443,08490,absorbed,2016-06-01
18635,08490,08490,code_reused,2016-06-01
18636,08493,08490,absorbed,2016-06-01
18637,25575,25575,code_reused,2016-06-01
18638,25576,25575,absorbed,2016-06-01
18639,52064,52064,code_reused,2016-06-01
18640,52351,52064,absorbed,2016-06-01
18641,57148,57148,code_reused,2016-06-01
18642,57432,57148,absorbed,2016-06-01
18643,39023,39378,absorbed,2016-04-01
18644,39135,39378,absorbed,2016-04-01
18645,39243,39577,absorbed,2016-04-01
18646,39378,39378,code_reused,2016-04-01
18647,39577,39577,code_reused,2016-04-01
18648,22007,22055,absorbed,2016-03-01
18649,22055,22055,code_reused,2016-03-01
18650,61004,61168,absorbed,2016-01-12
18651,61168,61168,code_reused,2016-01-12
18652,01015,01015,code_reused,2016-01-01
18653,01080,01080,code_reused,2016-01-01
18654,01119,01080,absorbed,2016-01-01
18655,01176,01187,absorbed,2016-01-01
18656,01182,01338,absorbed,2016-01-01
18657,01187,01187,code_reused,2016-01-01
18658,01204,01204,code_reused,2016-01-01
18659,01271,01286,absorbed,2016-01-01
18660,01286,01286,code_reused,2016-01-01
18661,01292,01187,absorbed,2016-01-01
18662,01300,01204,absorbed,2016-01-01
18663,01312,01426,absorbed,2016-01-01
18664,01338,01338,code_reused,2016-01-01
18665,01340,01015,absorbed,2016-01-01
18666,01409,01187,absorbed,2016-01-01
18667,01426,01426,code_reused,2016-01-01
18668,02026,02458,absorbed,2016-01-01
18669,02053,02053,code_reused,2016-01-01
18670,02147,02458,absorbed,2016-01-01
18671,02161,02053,absorbed,2016-01-01
18672,02325,02458,absorbed,2016-01-01
18673,02348,02439,absorbed,2016-01-01
18674,02439,02439,code_reused,2016-01-01
18675,02458,02458,code_reused,2016-01-01
18676,02479,02439,absorbed,2016-01-01
18677,02597,02439,absorbed,2016-01-01
18678,02646,02439,absorbed,2016-01-01
18679,02669,02053,absorbed,2016-01-01
18680,02771,02439,absorbed,2016-01-01
18681,02811,02439,absorbed,2016-01-01
18682,03123,03158,absorbed,2016-01-01
18683,03153,03158,absorbed,2016-01-01
18684,03158,03158,code_reused,2016-01-01
18685,04100,04120,absorbed,2016-01-01
18686,04120,04120,code_reused,2016-01-01
18687,05005,05118,absorbed,2016-01-01
18688,05034,05118,absorbed,2016-01-01
18689,05053,05053,code_reused,2016-01-01
18690,05069,05053,absorbed,2016-01-01
18691,05118,05118,code_reused,2016-01-01
18692,05143,05053,absorbed,2016-01-01
18693,08007,08116,absorbed,2016-01-01
18694,08009,08311,absorbed,2016-01-01
18695,08114,08115,absorbed,2016-01-01
18696,08115,08115,code_reused,2016-01-01
18697,08116,08116,code_reused,2016-01-01
18698,08198,08198,code_reused,2016-01-01
18699,08261,08116,absorbed,2016-01-01
18700,08311,08311,code_reused,2016-01-01
18701,08441,08198,absorbed,2016-01-01
18702,10003,10003,code_reused,2016-01-01
18703,10277,10003,absorbed,2016-01-01
18704,10415,10003,absorbed,2016-01-01
18705,11050,11304,absorbed,2016-01-01
18706,11080,11080,code_reused,2016-01-01
18707,11171,11080,absorbed,2016-01-01
18708,11304,11304,code_reused,2016-01-01
18709,12005,12223,absorbed,2016-01-01
18710,12014,12224,absorbed,2016-01-01
18711,12021,12021,code_reused,2016-01-01
18712,12040,12270,absorbed,2016-01-01
18713,12076,12076,code_reused,2016-01-01
18714,12081,12177,absorbed,2016-01-01
18715,12087,12177,absorbed,2016-01-01
18716,12112,12223,absorbed,2016-01-01
18717,12114,12076,absorbed,2016-01-01
18718,12117,12223,absorbed,2016-01-01
18719,12120,12120,code_reused,2016-01-01
18720,12123,12270,absorbed,2016-01-01
18721,12126,12270,absorbed,2016-01-01
18722,12173,12076,absorbed,2016-01-01
18723,12177,12177,code_reused,2016-01-01
18724,12196,12270,absorbed,2016-01-01
18725,12218,12076,absorbed,2016-01-01
18726,12223,12223,code_reused,2016-01-01
18727,12224,12224,code_reused,2016-01-01
18728,12245,12021,absorbed,2016-01-01
18729,12270,12270,code_reused,2016-01-01
18730,12271,12120,absorbed,2016-01-01
18731,12279,12223,absorbed,2016-01-01
18732,12285,12021,absorbed,2016-01-01
18733,12304,12223,absorbed,2016-01-01
18734,14014,14014,code_reused,2016-01-01
18735,14028,14371,absorbed,2016-01-01
18736,14029,14371,absorbed,2016-01-01
18737,14035,14035,code_reused,2016-01-01
18738,14037,14037,code_reused,2016-01-01
18739,14052,14061,absorbed,2016-01-01
18740,14058,14371,absorbed,2016-01-01
18741,14061,14061,code_reused,2016-01-01
18742,14065,14726,absorbed,2016-01-01
18743,14105,14576,absorbed,2016-01-01
18744,14113,14726,absorbed,2016-01-01
18745,14115,14061,absorbed,2016-01-01
18746,14129,14061,absorbed,2016-01-01
18747,14139,14061,absorbed,2016-01-01
18748,14144,14689,absorbed,2016-01-01
18749,14148,14371,absorbed,2016-01-01
18750,14152,14174,absorbed,2016-01-01
18751,14153,14576,absorbed,2016-01-01
18752,14154,14570,absorbed,2016-01-01
18753,14155,14371,absorbed,2016-01-01
18754,14156,14726,absorbed,2016-01-01
18755,14170,14014,absorbed,2016-01-01
18756,14174,14174,code_reused,2016-01-01
18757,14187,14762,absorbed,2016-01-01
18758,14188,14579,absorbed,2016-01-01
18759,14210,14371,absorbed,2016-01-01
18760,14213,14689,absorbed,2016-01-01
18761,14222,14726,absorbed,2016-01-01
18762,14253,14726,absorbed,2016-01-01
18763,14255,14061,absorbed,2016-01-01
18764,14259,14371,absorbed,2016-01-01
18765,14264,14061,absorbed,2016-01-01
18766,14265,14371,absorbed,2016-01-01
18767,14292,14740,absorbed,2016-01-01
18768,14317,14061,absorbed,2016-01-01
18769,14324,14689,absorbed,2016-01-01
18770,14330,14371,absorbed,2016-01-01
18771,14356,14543,absorbed,2016-01-01
18772,14361,14174,absorbed,2016-01-01
18773,14371,14371,code_reused,2016-01-01
18774,14388,14762,absorbed,2016-01-01
18775,14395,14061,absorbed,2016-01-01
18776,14414,14371,absorbed,2016-01-01
18777,14418,14371,absorbed,2016-01-01
18778,14420,14371,absorbed,2016-01-01
18779,14429,14371,absorbed,2016-01-01
18780,14432,14475,absorbed,2016-01-01
18781,14440,14061,absorbed,2016-01-01
18782,14441,14061,absorbed,2016-01-01
18783,14442,14726,absorbed,2016-01-01
18784,14443,14061,absorbed,2016-01-01
18785,14459,14371,absorbed,2016-01-01
18786,14471,14371,absorbed,2016-01-01
18787,14475,14475,code_reused,2016-01-01
18788,14503,14726,absorbed,2016-01-01
18789,14518,14371,absorbed,2016-01-01
18790,14521,14726,absorbed,2016-01-01
18791,14523,14174,absorbed,2016-01-01
18792,14532,14061,absorbed,2016-01-01
18793,14539,14726,absorbed,2016-01-01
18794,14543,14543,code_reused,2016-01-01
18795,14545,14762,absorbed,2016-01-01
18796,14549,14726,absorbed,2016-01-01
18797,14553,14037,absorbed,2016-01-01
18798,14564,14726,absorbed,2016-01-01
18799,14570,14570,code_reused,2016-01-01
18800,14573,14061,absorbed,2016-01-01
18801,14576,14576,code_reused,2016-01-01
18802,14579,14579,code_reused,2016-01-01
18803,14583,14576,absorbed,2016-01-01
18804,14584,14762,absorbed,2016-01-01
18805,14585,14174,absorbed,2016-01-01
18806,14599,14570,absorbed,2016-01-01
18807,14615,14371,absorbed,2016-01-01
18808,14618,14061,absorbed,2016-01-01
18809,14628,14689,absorbed,2016-01-01
18810,14629,14061,absorbed,2016-01-01
18811,14632,14061,absorbed,2016-01-01
18812,14633,14371,absorbed,2016-01-01
18813,14634,14371,absorbed,2016-01-01
18814,14636,14061,absorbed,2016-01-01
18815,14638,14371,absorbed,2016-01-01
18816,14647,14570,absorbed,2016-01-01
18817,14653,14174,absorbed,2016-01-01
18818,14655,14061,absorbed,2016-01-01
18819,14670,14543,absorbed,2016-01-01
18820,14686,14726,absorbed,2016-01-01
18821,14689,14689,code_reused,2016-01-01
18822,14693,14570,absorbed,2016-01-01
18823,14696,14371,absorbed,2016-01-01
18824,14704,14061,absorbed,2016-01-01
18825,14717,14762,absorbed,2016-01-01
18826,14718,14762,absorbed,2016-01-01
18827,14726,14726,code_reused,2016-01-01
18828,14727,14035,absorbed,2016-01-01
18829,14730,14762,absorbed,2016-01-01
18830,14740,14740,code_reused,2016-01-01
18831,14746,14726,absorbed,2016-01-01
18832,14762,14762,code_reused,2016-01-01
18833,15068,15108,absorbed,2016-01-01
18834,15071,15181,absorbed,2016-01-01
18835,15108,15108,code_reused,2016-01-01
18836,15150,15268,absorbed,2016-01-01
18837,15181,15181,code_reused,2016-01-01
18838,15195,15108,absorbed,2016-01-01
18839,15197,15108,absorbed,2016-01-01
18840,15268,15268,code_reused,2016-01-01
18841,16021,16175,absorbed,2016-01-01
18842,16043,16148,absorbed,2016-01-01
18843,16052,16052,renamed,2016-01-01
18844,16053,16053,renamed,2016-01-01
18845,16082,16082,code_reused,2016-01-01
18846,16092,16082,absorbed,2016-01-01
18847,16106,16106,code_reused,2016-01-01
18848,16148,16148,code_reused,2016-01-01
18849,16172,16082,absorbed,2016-01-01
18850,16175,16175,code_reused,2016-01-01
18851,16179,16224,absorbed,2016-01-01
18852,16201,16175,absorbed,2016-01-01
18853,16224,16224,code_reused,2016-01-01
18854,16257,16175,absorbed,2016-01-01
18855,16262,16286,absorbed,2016-01-01
18856,16286,16286,code_reused,2016-01-01
18857,16322,16106,absorbed,2016-01-01
18858,16371,16286,absorbed,2016-01-01
18859,17040,17277,absorbed,2016-01-01
18860,17238,17295,absorbed,2016-01-01
18861,17277,17277,code_reused,2016-01-01
18862,17295,17295,code_reused,2016-01-01
18863,17371,17295,absorbed,2016-01-01
18864,19123,19123,code_reused,2016-01-01
18865,19282,19123,absorbed,2016-01-01
18866,21318,21327,absorbed,2016-01-01
18867,21327,21327,code_reused,2016-01-01
18868,22046,22046,code_reused,2016-01-01
18869,22051,22084,absorbed,2016-01-01
18870,22058,22183,absorbed,2016-01-01
18871,22066,22046,absorbed,2016-01-01
18872,22080,22203,absorbed,2016-01-01
18873,22084,22084,code_reused,2016-01-01
18874,22093,22093,code_reused,2016-01-01
18875,22102,22046,absorbed,2016-01-01
18876,22151,22093,absorbed,2016-01-01
18877,22183,22183,code_reused,2016-01-01
18878,22191,22046,absorbed,2016-01-01
18879,22203,22203,code_reused,2016-01-01
18880,22251,22251,code_reused,2016-01-01
18881,22292,22046,absorbed,2016-01-01
18882,22297,22046,absorbed,2016-01-01
18883,22303,22046,absorbed,2016-01-01
18884,22367,22251,absorbed,2016-01-01
18885,23149,23149,code_reused,2016-01-01
18886,23161,23149,absorbed,2016-01-01
18887,24013,24053,absorbed,2016-01-01
18888,24028,24028,code_reused,2016-01-01
18889,24035,24035,code_reused,2016-01-01
18890,24053,24053,code_reused,2016-01-01
18891,24064,24064,code_reused,2016-01-01
18892,24118,24316,absorbed,2016-01-01
18893,24142,24142,code_reused,2016-01-01
18894,24219,24028,absorbed,2016-01-01
18895,24239,24540,absorbed,2016-01-01
18896,24298,24142,absorbed,2016-01-01
18897,24310,24028,absorbed,2016-01-01
18898,24316,24316,code_reused,2016-01-01
18899,24343,24376,absorbed,2016-01-01
18900,24362,24362,code_reused,2016-01-01
18901,24363,24035,absorbed,2016-01-01
18902,24376,24376,code_reused,2016-01-01
18903,24430,24064,absorbed,2016-01-01
18904,24435,24362,absorbed,2016-01-01
18905,24439,24053,absorbed,2016-01-01
18906,24497,24028,absorbed,2016-01-01
18907,24540,24540,code_reused,2016-01-01
18908,25028,25424,absorbed,2016-01-01
18909,25076,25434,absorbed,2016-01-01
18910,25128,25424,absorbed,2016-01-01
18911,25302,25424,absorbed,2016-01-01
18912,25424,25424,code_reused,2016-01-01
18913,25434,25434,code_reused,2016-01-01
18914,25438,25438,code_reused,2016-01-01
18915,25480,25424,absorbed,2016-01-01
18916,25509,25438,absorbed,2016-01-01
18917,25529,25529,code_reused,2016-01-01
18918,25530,25529,absorbed,2016-01-01
18919,25585,25424,absorbed,2016-01-01
18920,26001,26001,code_reused,2016-01-01
18921,26179,26179,code_reused,2016-01-01
18922,26187,26001,absorbed,2016-01-01
18923,26366,26179,absorbed,2016-01-01
18924,27007,27049,absorbed,2016-01-01
18925,27011,27011,code_reused,2016-01-01
18926,27022,27022,code_reused,2016-01-01
18927,27024,27198,absorbed,2016-01-01
18928,27032,27032,code_reused,2016-01-01
18929,27041,27049,absorbed,2016-01-01
18930,27049,27049,code_reused,2016-01-01
18931,27060,27213,absorbed,2016-01-01
18932,27084,27105,absorbed,2016-01-01
18933,27085,27085,code_reused,2016-01-01
18934,27088,27049,absorbed,2016-01-01
18935,27105,27105,code_reused,2016-01-01
18936,27107,27107,code_reused,2016-01-01
18937,27112,27112,code_reused,2016-01-01
18938,27121,27213,absorbed,2016-01-01
18939,27122,27213,absorbed,2016-01-01
18940,27128,27213,absorbed,2016-01-01
18941,27145,27157,absorbed,2016-01-01
18942,27157,27157,code_reused,2016-01-01
18943,27159,27112,absorbed,2016-01-01
18944,27160,27213,absorbed,2016-01-01
18945,27166,27198,absorbed,2016-01-01
18946,27172,27032,absorbed,2016-01-01
18947,27191,27191,code_reused,2016-01-01
18948,27195,27578,absorbed,2016-01-01
18949,27197,27213,absorbed,2016-01-01
18950,27198,27198,code_reused,2016-01-01
18951,27211,27191,absorbed,2016-01-01
18952,27213,27213,code_reused,2016-01-01
18953,27221,27049,absorbed,2016-01-01
18954,27223,27085,absorbed,2016-01-01
18955,27225,27157,absorbed,2016-01-01
18956,27244,27085,absorbed,2016-01-01
18957,27250,27191,absorbed,2016-01-01
18958,27255,27213,absorbed,2016-01-01
18959,27257,27213,absorbed,2016-01-01
18960,27262,27213,absorbed,2016-01-01
18961,27264,27213,absorbed,2016-01-01
18962,27277,27277,code_reused,2016-01-01
18963,27283,27049,absorbed,2016-01-01
18964,27292,27049,absorbed,2016-01-01
18965,27293,27198,absorbed,2016-01-01
18966,27296,27049,absorbed,2016-01-01
18967,27302,27302,code_reused,2016-01-01
18968,27303,27565,absorbed,2016-01-01
18969,27305,27112,absorbed,2016-01-01
18970,27308,27213,absorbed,2016-01-01
18971,27356,27049,absorbed,2016-01-01
18972,27362,27049,absorbed,2016-01-01
18973,27387,27198,absorbed,2016-01-01
18974,27449,27213,absorbed,2016-01-01
18975,27484,27277,absorbed,2016-01-01
18976,27499,27049,absorbed,2016-01-01
18977,27503,27198,absorbed,2016-01-01
18978,27506,27011,absorbed,2016-01-01
18979,27513,27049,absorbed,2016-01-01
18980,27515,27049,absorbed,2016-01-01
18981,27519,27022,absorbed,2016-01-01
18982,27526,27107,absorbed,2016-01-01
18983,27532,27157,absorbed,2016-01-01
18984,27565,27565,code_reused,2016-01-01
18985,27566,27049,absorbed,2016-01-01
18986,27573,27578,absorbed,2016-01-01
18987,27574,27302,absorbed,2016-01-01
18988,27578,27578,code_reused,2016-01-01
18989,27596,27049,absorbed,2016-01-01
18990,27628,27049,absorbed,2016-01-01
18991,27634,27032,absorbed,2016-01-01
18992,27636,27638,absorbed,2016-01-01
18993,27637,27105,absorbed,2016-01-01
18994,27638,27638,code_reused,2016-01-01
18995,27639,27638,absorbed,2016-01-01
18996,27653,27213,absorbed,2016-01-01
18997,27687,27022,absorbed,2016-01-01
18998,27688,27693,absorbed,2016-01-01
18999,27693,27693,code_reused,2016-01-01
19000,28015,28015,code_reused,2016-01-01
19001,28020,28406,absorbed,2016-01-01
19002,28145,28406,absorbed,2016-01-01
19003,28179,28406,absorbed,2016-01-01
19004,28183,28183,code_reused,2016-01-01
19005,28254,28254,code_reused,2016-01-01
19006,28258,28422,absorbed,2016-01-01
19007,28288,28183,absorbed,2016-01-01
19008,28297,28383,absorbed,2016-01-01
19009,28320,28422,absorbed,2016-01-01
19010,28361,28015,absorbed,2016-01-01
19011,28383,28383,code_reused,2016-01-01
19012,28402,28254,absorbed,2016-01-01
19013,28406,28406,code_reused,2016-01-01
19014,28416,28422,absorbed,2016-01-01
19015,28422,28422,code_reused,2016-01-01
19016,29003,29003,code_reused,2016-01-01
19017,29052,29003,absorbed,2016-01-01
19018,29127,29266,absorbed,2016-01-01
19019,29266,29266,code_reused,2016-01-01
19020,32079,32079,code_reused,2016-01-01
19021,32168,32079,absorbed,2016-01-01
19022,33018,33018,code_reused,2016-01-01
19023,33371,33018,absorbed,2016-01-01
19024,33495,33018,absorbed,2016-01-01
19025,35060,35060,code_reused,2016-01-01
19026,35129,35176,absorbed,2016-01-01
19027,35158,35060,absorbed,2016-01-01
19028,35176,35176,code_reused,2016-01-01
19029,36093,36093,code_reused,2016-01-01
19030,36151,36229,absorbed,2016-01-01
19031,36183,36229,absorbed,2016-01-01
19032,36201,36093,absorbed,2016-01-01
19033,36202,36202,code_reused,2016-01-01
19034,36229,36229,code_reused,2016-01-01
19035,36245,36202,absorbed,2016-01-01
19036,38001,38001,code_reused,2016-01-01
19037,38021,38225,absorbed,2016-01-01
19038,38022,38022,code_reused,2016-01-01
19039,38028,38001,absorbed,2016-01-01
19040,38165,38001,absorbed,2016-01-01
19041,38225,38225,code_reused,2016-01-01
19042,38262,38439,absorbed,2016-01-01
19043,38439,38439,code_reused,2016-01-01
19044,38541,38022,absorbed,2016-01-01
19045,39017,39017,code_reused,2016-01-01
19046,39021,39021,code_reused,2016-01-01
19047,39130,39130,code_reused,2016-01-01
19048,39161,39331,absorbed,2016-01-01
19049,39177,39177,code_reused,2016-01-01
19050,39209,39209,code_reused,2016-01-01
19051,39213,39329,absorbed,2016-01-01
19052,39215,39021,absorbed,2016-01-01
19053,39226,39209,absorbed,2016-01-01
19054,39260,39177,absorbed,2016-01-01
19055,39286,39286,code_reused,2016-01-01
19056,39294,39368,absorbed,2016-01-01
19057,39329,39329,code_reused,2016-01-01
19058,39331,39331,code_reused,2016-01-01
19059,39332,39177,absorbed,2016-01-01
19060,39340,39329,absorbed,2016-01-01
19061,39368,39368,code_reused,2016-01-01
19062,39371,39368,absorbed,2016-01-01
19063,39382,39209,absorbed,2016-01-01
19064,39438,39286,absorbed,2016-01-01
19065,39442,39130,absorbed,2016-01-01
19066,39482,39017,absorbed,2016-01-01
19067,39488,39021,absorbed,2016-01-01
19068,39509,39209,absorbed,2016-01-01
19069,39544,39021,absorbed,2016-01-01
19070,41023,41151,absorbed,2016-01-01
19071,41056,41173,absorbed,2016-01-01
19072,41133,41173,absorbed,2016-01-01
19073,41142,41142,code_reused,2016-01-01
19074,41151,41151,code_reused,2016-01-01
19075,41169,41142,absorbed,2016-01-01
19076,41173,41173,code_reused,2016-01-01
19077,41183,41173,absorbed,2016-01-01
19078,41244,41173,absorbed,2016-01-01
19079,41264,41173,absorbed,2016-01-01
19080,41270,41173,absorbed,2016-01-01
19081,42039,42039,code_reused,2016-01-01
19082,42114,42039,absorbed,2016-01-01
19083,43081,43245,absorbed,2016-01-01
19084,43090,43090,code_reused,2016-01-01
19085,43245,43245,code_reused,2016-01-01
19086,43255,43090,absorbed,2016-01-01
19087,44004,44163,absorbed,2016-01-01
19088,44005,44005,code_reused,2016-01-01
19089,44008,44029,absorbed,2016-01-01
19090,44011,44213,absorbed,2016-01-01
19091,44021,44021,code_reused,2016-01-01
19092,44029,44029,code_reused,2016-01-01
19093,44034,44213,absorbed,2016-01-01
19094,44040,44005,absorbed,2016-01-01
19095,44059,44021,absorbed,2016-01-01
19096,44087,44087,code_reused,2016-01-01
19097,44147,44213,absorbed,2016-01-01
19098,44163,44163,code_reused,2016-01-01
19099,44181,44087,absorbed,2016-01-01
19100,44213,44213,code_reused,2016-01-01
19101,45057,45191,absorbed,2016-01-01
19102,45106,45191,absorbed,2016-01-01
19103,45129,45129,code_reused,2016-01-01
19104,45190,45191,absorbed,2016-01-01
19105,45191,45191,code_reused,2016-01-01
19106,45192,45191,absorbed,2016-01-01
19107,45211,45129,absorbed,2016-01-01
19108,45221,45191,absorbed,2016-01-01
19109,45236,45191,absorbed,2016-01-01
19110,46019,46138,absorbed,2016-01-01
19111,46025,46201,absorbed,2016-01-01
19112,46048,46311,absorbed,2016-01-01
19113,46071,46311,absorbed,2016-01-01
19114,46103,46103,code_reused,2016-01-01
19115,46110,46138,absorbed,2016-01-01
19116,46138,46138,code_reused,2016-01-01
19117,46141,46311,absorbed,2016-01-01
19118,46150,46311,absorbed,2016-01-01
19119,46166,46201,absorbed,2016-01-01
19120,46201,46201,code_reused,2016-01-01
19121,46252,46252,code_reused,2016-01-01
19122,46261,46201,absorbed,2016-01-01
19123,46275,46252,absorbed,2016-01-01
19124,46287,46103,absorbed,2016-01-01
19125,46291,46138,absorbed,2016-01-01
19126,46311,46311,code_reused,2016-01-01
19127,46325,46138,absorbed,2016-01-01
19128,46326,46201,absorbed,2016-01-01
19129,48017,48017,code_reused,2016-01-01
19130,48022,48050,absorbed,2016-01-01
19131,48033,48017,absorbed,2016-01-01
19132,48049,48099,absorbed,2016-01-01
19133,48050,48050,code_reused,2016-01-01
19134,48061,48061,code_reused,2016-01-01
19135,48062,48105,absorbed,2016-01-01
19136,48066,48116,absorbed,2016-01-01
19137,48099,48099,code_reused,2016-01-01
19138,48105,48105,code_reused,2016-01-01
19139,48116,48116,code_reused,2016-01-01
19140,48134,48152,absorbed,2016-01-01
19141,48152,48152,code_reused,2016-01-01
19142,48162,48166,absorbed,2016-01-01
19143,48166,48166,code_reused,2016-01-01
19144,48172,48116,absorbed,2016-01-01
19145,48186,48061,absorbed,2016-01-01
19146,49003,49003,code_reused,2016-01-01
19147,49004,49307,absorbed,2016-01-01
19148,49005,49176,absorbed,2016-01-01
19149,49018,49018,code_reused,2016-01-01
19150,49019,49307,absorbed,2016-01-01
19151,49021,49021,code_reused,2016-01-01
19152,49025,49163,absorbed,2016-01-01
19153,49029,49029,code_reused,2016-01-01
19154,49031,49018,absorbed,2016-01-01
19155,49032,49307,absorbed,2016-01-01
19156,49042,49307,absorbed,2016-01-01
19157,49049,49138,absorbed,2016-01-01
19158,49059,49373,absorbed,2016-01-01
19159,49066,49345,absorbed,2016-01-01
19160,49067,49067,code_reused,2016-01-01
19161,49079,49018,absorbed,2016-01-01
19162,49084,49163,absorbed,2016-01-01
19163,49093,49220,absorbed,2016-01-01
19164,49094,49149,absorbed,2016-01-01
19165,49095,49067,absorbed,2016-01-01
19166,49097,49018,absorbed,2016-01-01
19167,49101,49018,absorbed,2016-01-01
19168,49106,49307,absorbed,2016-01-01
19169,49116,49018,absorbed,2016-01-01
19170,49117,49307,absorbed,2016-01-01
19171,49128,49018,absorbed,2016-01-01
19172,49133,49345,absorbed,2016-01-01
19173,49134,49345,absorbed,2016-01-01
19174,49138,49138,code_reused,2016-01-01
19175,49139,49194,absorbed,2016-01-01
19176,49142,49373,absorbed,2016-01-01
19177,49143,49018,absorbed,2016-01-01
19178,49147,49021,absorbed,2016-01-01
19179,49149,49149,code_reused,2016-01-01
19180,49154,49149,absorbed,2016-01-01
19181,49157,49018,absorbed,2016-01-01
19182,49160,49160,code_reused,2016-01-01
19183,49163,49163,code_reused,2016-01-01
19184,49176,49176,code_reused,2016-01-01
19185,49181,49003,absorbed,2016-01-01
19186,49185,49163,absorbed,2016-01-01
19187,49194,49194,code_reused,2016-01-01
19188,49196,49200,absorbed,2016-01-01
19189,49200,49200,code_reused,2016-01-01
19190,49220,49220,code_reused,2016-01-01
19191,49230,49003,absorbed,2016-01-01
19192,49232,49373,absorbed,2016-01-01
19193,49238,49323,absorbed,2016-01-01
19194,49242,49200,absorbed,2016-01-01
19195,49251,49200,absorbed,2016-01-01
19196,49256,49345,absorbed,2016-01-01
19197,49279,49149,absorbed,2016-01-01
19198,49280,49138,absorbed,2016-01-01
19199,49307,49307,code_reused,2016-01-01
19200,49315,49018,absorbed,2016-01-01
19201,49322,49029,absorbed,2016-01-01
19202,49323,49323,code_reused,2016-01-01
19203,49342,49373,absorbed,2016-01-01
19204,49345,49345,code_reused,2016-01-01
19205,49346,49149,absorbed,2016-01-01
19206,49348,49373,absorbed,2016-01-01
19207,49356,49373,absorbed,2016-01-01
19208,49373,49373,code_reused,2016-01-01
19209,49382,49160,absorbed,2016-01-01
19210,50005,50400,absorbed,2016-01-01
19211,50009,50565,absorbed,2016-01-01
19212,50010,50099,absorbed,2016-01-01
19213,50012,50267,absorbed,2016-01-01
19214,50035,50236,absorbed,2016-01-01
19215,50051,50523,absorbed,2016-01-01
19216,50056,50359,absorbed,2016-01-01
19217,50061,50215,absorbed,2016-01-01
19218,50063,50236,absorbed,2016-01-01
19219,50071,50535,absorbed,2016-01-01
19220,50075,50601,absorbed,2016-01-01
19221,50082,50082,code_reused,2016-01-01
19222,50090,50090,code_reused,2016-01-01
19223,50099,50099,code_reused,2016-01-01
19224,50114,50115,absorbed,2016-01-01
19225,50115,50115,code_reused,2016-01-01
19226,50116,50565,absorbed,2016-01-01
19227,50123,50239,absorbed,2016-01-01
19228,50127,50523,absorbed,2016-01-01
19229,50128,50393,absorbed,2016-01-01
19230,50129,50129,code_reused,2016-01-01
19231,50132,50168,absorbed,2016-01-01
19232,50133,50391,absorbed,2016-01-01
19233,50134,50363,absorbed,2016-01-01
19234,50136,50273,absorbed,2016-01-01
19235,50139,50139,code_reused,2016-01-01
19236,50142,50142,code_reused,2016-01-01
19237,50153,50400,absorbed,2016-01-01
19238,50168,50168,code_reused,2016-01-01
19239,50170,50523,absorbed,2016-01-01
19240,50173,50129,absorbed,2016-01-01
19241,50179,50591,absorbed,2016-01-01
19242,50180,50592,absorbed,2016-01-01
19243,50189,50436,absorbed,2016-01-01
19244,50191,50523,absorbed,2016-01-01
19245,50202,50601,absorbed,2016-01-01
19246,50203,50129,absorbed,2016-01-01
19247,50204,50236,absorbed,2016-01-01
19248,50209,50209,code_reused,2016-01-01
19249,50211,50142,absorbed,2016-01-01
19250,50212,50400,absorbed,2016-01-01
19251,50213,50546,absorbed,2016-01-01
19252,50215,50215,code_reused,2016-01-01
19253,50224,50601,absorbed,2016-01-01
19254,50236,50236,code_reused,2016-01-01
19255,50239,50239,code_reused,2016-01-01
19256,50245,50591,absorbed,2016-01-01
19257,50249,50099,absorbed,2016-01-01
19258,50250,50400,absorbed,2016-01-01
19259,50254,50591,absorbed,2016-01-01
19260,50255,50419,absorbed,2016-01-01
19261,50267,50267,code_reused,2016-01-01
19262,50273,50273,code_reused,2016-01-01
19263,50280,50292,absorbed,2016-01-01
19264,50284,50410,absorbed,2016-01-01
19265,50287,50546,absorbed,2016-01-01
19266,50292,50292,code_reused,2016-01-01
19267,50293,50391,absorbed,2016-01-01
19268,50316,50363,absorbed,2016-01-01
19269,50319,50139,absorbed,2016-01-01
19270,50329,50391,absorbed,2016-01-01
19271,50330,50236,absorbed,2016-01-01
19272,50339,50388,absorbed,2016-01-01
19273,50343,50236,absorbed,2016-01-01
19274,50355,50565,absorbed,2016-01-01
19275,50359,50359,code_reused,2016-01-01
19276,50363,50363,code_reused,2016-01-01
19277,50375,50142,absorbed,2016-01-01
19278,50380,50492,absorbed,2016-01-01
19279,50381,50359,absorbed,2016-01-01
19280,50388,50388,code_reused,2016-01-01
19281,50391,50391,code_reused,2016-01-01
19282,50393,50393,code_reused,2016-01-01
19283,50396,50082,absorbed,2016-01-01
19284,50400,50400,code_reused,2016-01-01
19285,50406,50535,absorbed,2016-01-01
19286,50410,50410,code_reused,2016-01-01
19287,50414,50492,absorbed,2016-01-01
19288,50415,50273,absorbed,2016-01-01
19289,50416,50129,absorbed,2016-01-01
19290,50418,50082,absorbed,2016-01-01
19291,50419,50419,code_reused,2016-01-01
19292,50432,50142,absorbed,2016-01-01
19293,50434,50565,absorbed,2016-01-01
19294,50436,50436,code_reused,2016-01-01
19295,50440,50639,absorbed,2016-01-01
19296,50441,50492,absorbed,2016-01-01
19297,50458,50099,absorbed,2016-01-01
19298,50470,50564,absorbed,2016-01-01
19299,50484,50484,code_reused,2016-01-01
19300,50492,50492,code_reused,2016-01-01
19301,50494,50359,absorbed,2016-01-01
19302,50497,50273,absorbed,2016-01-01
19303,50508,50591,absorbed,2016-01-01
19304,50515,50484,absorbed,2016-01-01
19305,50520,50082,absorbed,2016-01-01
19306,50523,50523,code_reused,2016-01-01
19307,50535,50535,code_reused,2016-01-01
19308,50544,50236,absorbed,2016-01-01
19309,50545,50546,absorbed,2016-01-01
19310,50546,50546,code_reused,2016-01-01
19311,50557,50090,absorbed,2016-01-01
19312,50558,50236,absorbed,2016-01-01
19313,50564,50564,code_reused,2016-01-01
19314,50565,50565,code_reused,2016-01-01
19315,50582,50582,code_reused,2016-01-01
19316,50586,50236,absorbed,2016-01-01
19317,50591,50591,code_reused,2016-01-01
19318,50592,50592,code_reused,2016-01-01
19319,50595,50209,absorbed,2016-01-01
19320,50601,50601,code_reused,2016-01-01
19321,50602,50129,absorbed,2016-01-01
19322,50614,50082,absorbed,2016-01-01
19323,50625,50582,absorbed,2016-01-01
19324,50630,50410,absorbed,2016-01-01
19325,50635,50492,absorbed,2016-01-01
19326,50638,50359,absorbed,2016-01-01
19327,50639,50639,code_reused,2016-01-01
19328,50642,50400,absorbed,2016-01-01
19329,50644,50484,absorbed,2016-01-01
19330,50646,50082,absorbed,2016-01-01
19331,51030,51030,code_reused,2016-01-01
19332,51064,51030,absorbed,2016-01-01
19333,51331,51564,absorbed,2016-01-01
19334,51347,51030,absorbed,2016-01-01
19335,51564,51564,code_reused,2016-01-01
19336,52036,52449,absorbed,2016-01-01
19337,52180,52411,absorbed,2016-01-01
19338,52239,52529,absorbed,2016-01-01
19339,52293,52411,absorbed,2016-01-01
19340,52296,52411,absorbed,2016-01-01
19341,52331,52331,code_reused,2016-01-01
19342,52340,52405,absorbed,2016-01-01
19343,52405,52405,code_reused,2016-01-01
19344,52411,52411,code_reused,2016-01-01
19345,52427,52331,absorbed,2016-01-01
19346,52449,52449,code_reused,2016-01-01
19347,52509,52405,absorbed,2016-01-01
19348,52529,52529,code_reused,2016-01-01
19349,53050,53255,absorbed,2016-01-01
19350,53137,53137,code_reused,2016-01-01
19351,53185,53185,code_reused,2016-01-01
19352,53194,53137,absorbed,2016-01-01
19353,53252,53185,absorbed,2016-01-01
19354,53255,53255,code_reused,2016-01-01
19355,56037,56197,absorbed,2016-01-01
19356,56142,56144,absorbed,2016-01-01
19357,56144,56144,code_reused,2016-01-01
19358,56150,56251,absorbed,2016-01-01
19359,56187,56197,absorbed,2016-01-01
19360,56192,56144,absorbed,2016-01-01
19361,56197,56197,code_reused,2016-01-01
19362,56251,56251,code_reused,2016-01-01
19363,57021,57021,code_reused,2016-01-01
19364,57184,57021,absorbed,2016-01-01
19365,57695,57695,renamed,2016-01-01
19366,58026,58026,code_reused,2016-01-01
19367,58100,58026,absorbed,2016-01-01
19368,58167,58026,absorbed,2016-01-01
19369,59154,59588,absorbed,2016-01-01
19370,59260,59260,code_reused,2016-01-01
19371,59404,59260,absorbed,2016-01-01
19372,59588,59588,code_reused,2016-01-01
19373,60018,60088,absorbed,2016-01-01
19374,60088,60088,code_reused,2016-01-01
19375,60246,60088,absorbed,2016-01-01
19376,61003,61167,absorbed,2016-01-01
19377,61007,61007,code_reused,2016-01-01
19378,61016,61491,absorbed,2016-01-01
19379,61025,61211,absorbed,2016-01-01
19380,61027,61153,absorbed,2016-01-01
19381,61033,61211,absorbed,2016-01-01
19382,61042,61345,absorbed,2016-01-01
19383,61045,61491,absorbed,2016-01-01
19384,61047,61167,absorbed,2016-01-01
19385,61050,61050,code_reused,2016-01-01
19386,61058,61007,absorbed,2016-01-01
19387,61059,61491,absorbed,2016-01-01
19388,61065,61491,absorbed,2016-01-01
19389,61073,61007,absorbed,2016-01-01
19390,61081,61081,code_reused,2016-01-01
19391,61090,61491,absorbed,2016-01-01
19392,61096,61096,code_reused,2016-01-01
19393,61106,61339,absorbed,2016-01-01
19394,61112,61309,absorbed,2016-01-01
19395,61115,61116,absorbed,2016-01-01
19396,61116,61116,code_reused,2016-01-01
19397,61125,61116,absorbed,2016-01-01
19398,61127,61153,absorbed,2016-01-01
19399,61128,61050,absorbed,2016-01-01
19400,61135,61096,absorbed,2016-01-01
19401,61136,61167,absorbed,2016-01-01
19402,61144,61309,absorbed,2016-01-01
19403,61145,61145,code_reused,2016-01-01
19404,61147,61345,absorbed,2016-01-01
19405,61153,61153,code_reused,2016-01-01
19406,61155,61324,absorbed,2016-01-01
19407,61167,61167,code_reused,2016-01-01
19408,61174,61339,absorbed,2016-01-01
19409,61175,61341,absorbed,2016-01-01
19410,61179,61339,absorbed,2016-01-01
19411,61184,61167,absorbed,2016-01-01
19412,61185,61484,absorbed,2016-01-01
19413,61186,61096,absorbed,2016-01-01
19414,61191,61167,absorbed,2016-01-01
19415,61200,61096,absorbed,2016-01-01
19416,61201,61145,absorbed,2016-01-01
19417,61204,61484,absorbed,2016-01-01
19418,61205,61167,absorbed,2016-01-01
19419,61211,61211,code_reused,2016-01-01
19420,61220,61230,absorbed,2016-01-01
19421,61226,61491,absorbed,2016-01-01
19422,61230,61230,code_reused,2016-01-01
19423,61235,61211,absorbed,2016-01-01
19424,61236,61153,absorbed,2016-01-01
19425,61239,61211,absorbed,2016-01-01
19426,61245,61050,absorbed,2016-01-01
19427,61246,61484,absorbed,2016-01-01
19428,61247,61230,absorbed,2016-01-01
19429,61250,61230,absorbed,2016-01-01
19430,61253,61081,absorbed,2016-01-01
19431,61270,61339,absorbed,2016-01-01
19432,61280,61230,absorbed,2016-01-01
19433,61282,61167,absorbed,2016-01-01
19434,61296,61230,absorbed,2016-01-01
19435,61305,61230,absorbed,2016-01-01
19436,61306,61081,absorbed,2016-01-01
19437,61309,61309,code_reused,2016-01-01
19438,61313,61007,absorbed,2016-01-01
19439,61320,61460,absorbed,2016-01-01
19440,61324,61324,code_reused,2016-01-01
19441,61335,61491,absorbed,2016-01-01
19442,61337,61309,absorbed,2016-01-01
19443,61338,61491,absorbed,2016-01-01
19444,61339,61339,code_reused,2016-01-01
19445,61340,61339,absorbed,2016-01-01
19446,61341,61341,code_reused,2016-01-01
19447,61343,61491,absorbed,2016-01-01
19448,61345,61345,code_reused,2016-01-01
19449,61353,61007,absorbed,2016-01-01
19450,61354,61339,absorbed,2016-01-01
19451,61355,61145,absorbed,2016-01-01
19452,61356,61484,absorbed,2016-01-01
19453,61359,61484,absorbed,2016-01-01
19454,61364,61339,absorbed,2016-01-01
19455,61368,61309,absorbed,2016-01-01
19456,61378,61339,absorbed,2016-01-01
19457,61380,61211,absorbed,2016-01-01
19458,61409,61309,absorbed,2016-01-01
19459,61428,61463,absorbed,2016-01-01
19460,61430,61050,absorbed,2016-01-01
19461,61431,61483,absorbed,2016-01-01
19462,61434,61167,absorbed,2016-01-01
19463,61441,61153,absorbed,2016-01-01
19464,61455,61324,absorbed,2016-01-01
19465,61458,61230,absorbed,2016-01-01
19466,61460,61460,code_reused,2016-01-01
19467,61463,61463,code_reused,2016-01-01
19468,61465,61007,absorbed,2016-01-01
19469,61469,61211,absorbed,2016-01-01
19470,61470,61153,absorbed,2016-01-01
19471,61478,61007,absorbed,2016-01-01
19472,61483,61483,code_reused,2016-01-01
19473,61484,61484,code_reused,2016-01-01
19474,61489,61007,absorbed,2016-01-01
19475,61491,61491,code_reused,2016-01-01
19476,61506,61167,absorbed,2016-01-01
19477,61509,61341,absorbed,2016-01-01
19478,62226,62691,absorbed,2016-01-01
19479,62691,62691,code_reused,2016-01-01
19480,62757,62757,code_reused,2016-01-01
19481,62807,62757,absorbed,2016-01-01
19482,63018,63160,absorbed,2016-01-01
19483,63068,63244,absorbed,2016-01-01
19484,63160,63160,code_reused,2016-01-01
19485,63244,63244,code_reused,2016-01-01
19486,63255,63255,code_reused,2016-01-01
19487,63266,63255,absorbed,2016-01-01
19488,65027,65282,absorbed,2016-01-01
19489,65188,65192,absorbed,2016-01-01
19490,65192,65192,code_reused,2016-01-01
19491,65282,65282,code_reused,2016-01-01
19492,67004,67004,code_reused,2016-01-01
19493,67041,67004,absorbed,2016-01-01
19494,67158,67539,absorbed,2016-01-01
19495,67207,67539,absorbed,2016-01-01
19496,67297,67539,absorbed,2016-01-01
19497,67372,67372,code_reused,2016-01-01
19498,67374,67495,absorbed,2016-01-01
19499,67431,67004,absorbed,2016-01-01
19500,67469,67004,absorbed,2016-01-01
19501,67495,67495,code_reused,2016-01-01
19502,67496,67372,absorbed,2016-01-01
19503,67512,67372,absorbed,2016-01-01
19504,67539,67539,code_reused,2016-01-01
19505,68006,68006,code_reused,2016-01-01
19506,68012,68012,code_reused,2016-01-01
19507,68031,68006,absorbed,2016-01-01
19508,68056,68056,code_reused,2016-01-01
19509,68070,68056,absorbed,2016-01-01
19510,68108,68240,absorbed,2016-01-01
19511,68133,68240,absorbed,2016-01-01
19512,68143,68143,code_reused,2016-01-01
19513,68162,68162,code_reused,2016-01-01
19514,68164,68162,absorbed,2016-01-01
19515,68201,68201,code_reused,2016-01-01
19516,68206,68012,absorbed,2016-01-01
19517,68219,68219,code_reused,2016-01-01
19518,68233,68201,absorbed,2016-01-01
19519,68240,68240,code_reused,2016-01-01
19520,68272,68143,absorbed,2016-01-01
19521,68310,68162,absorbed,2016-01-01
19522,68314,68219,absorbed,2016-01-01
19523,68319,68320,absorbed,2016-01-01
19524,68320,68320,code_reused,2016-01-01
19525,69066,69066,code_reused,2016-01-01
19526,69158,69066,absorbed,2016-01-01
19527,69247,69066,absorbed,2016-01-01
19528,71204,71204,code_reused,2016-01-01
19529,71265,71204,absorbed,2016-01-01
19530,71279,71279,code_reused,2016-01-01
19531,71375,71279,absorbed,2016-01-01
19532,72023,72023,code_reused,2016-01-01
19533,72288,72363,absorbed,2016-01-01
19534,72301,72023,absorbed,2016-01-01
19535,72363,72363,code_reused,2016-01-01
19536,73006,73006,code_reused,2016-01-01
19537,73010,73010,code_reused,2016-01-01
19538,73038,73150,absorbed,2016-01-01
19539,73062,73010,absorbed,2016-01-01
19540,73093,73150,absorbed,2016-01-01
19541,73108,73010,absorbed,2016-01-01
19542,73115,73284,absorbed,2016-01-01
19543,73126,73006,absorbed,2016-01-01
19544,73150,73150,code_reused,2016-01-01
19545,73158,73010,absorbed,2016-01-01
19546,73169,73006,absorbed,2016-01-01
19547,73238,73010,absorbed,2016-01-01
19548,73239,73010,absorbed,2016-01-01
19549,73257,73257,code_reused,2016-01-01
19550,73284,73284,code_reused,2016-01-01
19551,73305,73150,absorbed,2016-01-01
19552,73321,73257,absorbed,2016-01-01
19553,74084,74167,absorbed,2016-01-01
19554,74112,74112,code_reused,2016-01-01
19555,74123,74123,code_reused,2016-01-01
19556,74167,74167,code_reused,2016-01-01
19557,74181,74112,absorbed,2016-01-01
19558,74187,74275,absorbed,2016-01-01
19559,74270,74123,absorbed,2016-01-01
19560,74275,74275,code_reused,2016-01-01
19561,76027,76618,absorbed,2016-01-01
19562,76031,76476,absorbed,2016-01-01
19563,76037,76618,absorbed,2016-01-01
19564,76073,76618,absorbed,2016-01-01
19565,76081,76618,absorbed,2016-01-01
19566,76089,76289,absorbed,2016-01-01
19567,76098,76618,absorbed,2016-01-01
19568,76137,76618,absorbed,2016-01-01
19569,76145,76618,absorbed,2016-01-01
19570,76164,76164,code_reused,2016-01-01
19571,76215,76618,absorbed,2016-01-01
19572,76267,76289,absorbed,2016-01-01
19573,76276,76276,code_reused,2016-01-01
19574,76277,76276,absorbed,2016-01-01
19575,76289,76289,code_reused,2016-01-01
19576,76301,76618,absorbed,2016-01-01
19577,76310,76618,absorbed,2016-01-01
19578,76326,76618,absorbed,2016-01-01
19579,76337,76618,absorbed,2016-01-01
19580,76376,76618,absorbed,2016-01-01
19581,76401,76401,code_reused,2016-01-01
19582,76444,76289,absorbed,2016-01-01
19583,76476,76476,code_reused,2016-01-01
19584,76496,76618,absorbed,2016-01-01
19585,76618,76618,code_reused,2016-01-01
19586,76625,76401,absorbed,2016-01-01
19587,76643,76618,absorbed,2016-01-01
19588,76659,76164,absorbed,2016-01-01
19589,76696,76618,absorbed,2016-01-01
19590,76701,76476,absorbed,2016-01-01
19591,76704,76618,absorbed,2016-01-01
19592,76713,76476,absorbed,2016-01-01
19593,76742,76164,absorbed,2016-01-01
19594,77170,77316,absorbed,2016-01-01
19595,77299,77316,absorbed,2016-01-01
19596,77316,77316,code_reused,2016-01-01
19597,79013,79013,code_reused,2016-01-01
19598,79053,79013,absorbed,2016-01-01
19599,79072,79013,absorbed,2016-01-01
19600,79099,79013,absorbed,2016-01-01
19601,79113,79280,absorbed,2016-01-01
19602,79187,79013,absorbed,2016-01-01
19603,79280,79280,code_reused,2016-01-01
19604,79321,79321,renamed,2016-01-01
19605,79333,79013,absorbed,2016-01-01
19606,81026,81026,code_reused,2016-01-01
19607,81062,81062,code_reused,2016-01-01
19608,81091,81062,absorbed,2016-01-01
19609,81153,81062,absorbed,2016-01-01
19610,81155,81026,absorbed,2016-01-01
19611,85008,85008,code_reused,2016-01-01
19612,85019,85019,code_reused,2016-01-01
19613,85030,85084,absorbed,2016-01-01
19614,85043,85213,absorbed,2016-01-01
19615,85063,85090,absorbed,2016-01-01
19616,85069,85008,absorbed,2016-01-01
19617,85080,85080,code_reused,2016-01-01
19618,85084,85084,code_reused,2016-01-01
19619,85090,85090,code_reused,2016-01-01
19620,85091,85080,absorbed,2016-01-01
19621,85150,85197,absorbed,2016-01-01
19622,85154,85154,code_reused,2016-01-01
19623,85165,85084,absorbed,2016-01-01
19624,85180,85090,absorbed,2016-01-01
19625,85197,85197,code_reused,2016-01-01
19626,85212,85084,absorbed,2016-01-01
19627,85213,85213,code_reused,2016-01-01
19628,85219,85154,absorbed,2016-01-01
19629,85257,85090,absorbed,2016-01-01
19630,85272,85197,absorbed,2016-01-01
19631,85279,85019,absorbed,2016-01-01
19632,86245,86245,code_reused,2016-01-01
19633,86259,86245,absorbed,2016-01-01
19634,87026,87097,absorbed,2016-01-01
19635,87097,87097,code_reused,2016-01-01
19636,88018,88218,absorbed,2016-01-01
19637,88112,88361,absorbed,2016-01-01
19638,88204,88465,absorbed,2016-01-01
19639,88218,88218,code_reused,2016-01-01
19640,88337,88465,absorbed,2016-01-01
19641,88361,88361,code_reused,2016-01-01
19642,88465,88465,code_reused,2016-01-01
19643,89070,89086,absorbed,2016-01-01
19644,89086,89086,code_reused,2016-01-01
19645,89097,89086,absorbed,2016-01-01
19646,89103,89086,absorbed,2016-01-01
19647,89107,89411,absorbed,2016-01-01
19648,89138,89086,absorbed,2016-01-01
19649,89178,89086,absorbed,2016-01-01
19650,89192,89086,absorbed,2016-01-01
19651,89196,89196,code_reused,2016-01-01
19652,89213,89196,absorbed,2016-01-01
19653,89241,89086,absorbed,2016-01-01
19654,89243,89086,absorbed,2016-01-01
19655,89275,89196,absorbed,2016-01-01
19656,89294,89086,absorbed,2016-01-01
19657,89317,89086,absorbed,2016-01-01
19658,89330,89441,absorbed,2016-01-01
19659,89334,89334,code_reused,2016-01-01
19660,89343,89086,absorbed,2016-01-01
19661,89356,89334,absorbed,2016-01-01
19662,89358,89086,absorbed,2016-01-01
19663,89366,89388,absorbed,2016-01-01
19664,89388,89388,code_reused,2016-01-01
19665,89411,89411,code_reused,2016-01-01
19666,89429,89411,absorbed,2016-01-01
19667,89441,89441,code_reused,2016-01-01
19668,89454,89086,absorbed,2016-01-01
19669,89457,89196,absorbed,2016-01-01
19670,38145,38359,absorbed,2015-12-31
19671,38359,38359,code_reused,2015-12-31
19672,44060,49382,replaced,2015-12-31
19673,49265,49292,absorbed,2015-12-31
19674,49292,49292,code_reused,2015-12-31
19675,49043,49367,absorbed,2015-12-28
19676,49148,49367,absorbed,2015-12-28
19677,49249,49367,absorbed,2015-12-28
19678,49367,49367,code_reused,2015-12-28
19679,49006,49023,absorbed,2015-12-15
19680,49023,49023,code_reused,2015-12-15
19681,49024,49244,absorbed,2015-12-15
19682,49033,49218,absorbed,2015-12-15
19683,49034,49244,absorbed,2015-12-15
19684,49039,49244,absorbed,2015-12-15
19685,49040,49069,absorbed,2015-12-15
19686,49069,49069,code_reused,2015-12-15
19687,49071,49092,absorbed,2015-12-15
19688,49072,49023,absorbed,2015-12-15
19689,49074,49092,absorbed,2015-12-15
19690,49075,49244,absorbed,2015-12-15
19691,49083,49218,absorbed,2015-12-15
19692,49085,49218,absorbed,2015-12-15
19693,49092,49092,code_reused,2015-12-15
19694,49111,49092,absorbed,2015-12-15
19695,49126,49069,absorbed,2015-12-15
19696,49137,49218,absorbed,2015-12-15
19697,49145,49218,absorbed,2015-12-15
19698,49151,49023,absorbed,2015-12-15
19699,49153,49092,absorbed,2015-12-15
19700,49162,49023,absorbed,2015-12-15
19701,49165,49023,absorbed,2015-12-15
19702,49169,49092,absorbed,2015-12-15
19703,49172,49069,absorbed,2015-12-15
19704,49177,49069,absorbed,2015-12-15
19705,49179,49301,absorbed,2015-12-15
19706,49190,49244,absorbed,2015-12-15
19707,49204,49244,absorbed,2015-12-15
19708,49206,49301,absorbed,2015-12-15
19709,49212,49244,absorbed,2015-12-15
19710,49218,49218,code_reused,2015-12-15
19711,49225,49092,absorbed,2015-12-15
19712,49239,49023,absorbed,2015-12-15
19713,49243,49023,absorbed,2015-12-15
19714,49244,49244,code_reused,2015-12-15
19715,49252,49218,absorbed,2015-12-15
19716,49258,49301,absorbed,2015-12-15
19717,49263,49301,absorbed,2015-12-15
19718,49264,49301,absorbed,2015-12-15
19719,49268,49092,absorbed,2015-12-15
19720,49270,49069,absorbed,2015-12-15
19721,49273,49301,absorbed,2015-12-15
19722,49276,49244,absorbed,2015-12-15
19723,49281,49092,absorbed,2015-12-15
19724,49285,49301,absorbed,2015-12-15
19725,49295,49244,absorbed,2015-12-15
19726,49296,49069,absorbed,2015-12-15
19727,49297,49244,absorbed,2015-12-15
19728,49300,49092,absorbed,2015-12-15
19729,49301,49301,code_reused,2015-12-15
19730,49312,49023,absorbed,2015-12-15
19731,49313,49218,absorbed,2015-12-15
19732,49314,49218,absorbed,2015-12-15
19733,49316,49218,absorbed,2015-12-15
19734,49320,49069,absorbed,2015-12-15
19735,49324,49218,absorbed,2015-12-15
19736,49325,49092,absorbed,2015-12-15
19737,49349,49301,absorbed,2015-12-15
19738,49350,49301,absorbed,2015-12-15
19739,49351,49092,absorbed,2015-12-15
19740,49360,49069,absorbed,2015-12-15
19741,49375,49023,absorbed,2015-12-15
19742,70281,70418,absorbed,2015-12-15
19743,70418,70418,code_reused,2015-12-15
19744,70551,70418,absorbed,2015-12-15
19745,06107,06107,renamed,2015-11-19
19746,27255,27255,renamed,2015-11-19
19747,59586,59586,renamed,2015-11-19
19748,68006,68006,renamed,2015-11-19
19749,08145,08145,code_reused,2015-09-15
19750,08267,08145,absorbed,2015-09-15
19751,38348,38348,renamed,2015-09-01
19752,14178,14474,absorbed,2015-01-01
19753,14474,14474,code_reused,2015-01-01
19754,25034,25035,absorbed,2015-01-01
19755,25035,25035,code_reused,2015-01-01
19756,28069,28185,absorbed,2015-01-01
19757,28185,28185,code_reused,2015-01-01
19758,38024,38152,absorbed,2015-01-01
19759,38152,38152,code_reused,2015-01-01
19760,60417,60570,absorbed,2015-01-01
19761,60570,60570,code_reused,2015-01-01
19762,61031,61486,absorbed,2015-01-01
19763,61109,61292,absorbed,2015-01-01
19764,61177,61486,absorbed,2015-01-01
19765,61223,61486,absorbed,2015-01-01
19766,61249,61375,absorbed,2015-01-01
19767,61292,61292,code_reused,2015-01-01
19768,61375,61375,code_reused,2015-01-01
19769,61377,61486,absorbed,2015-01-01
19770,61410,61486,absorbed,2015-01-01
19771,61417,61375,absorbed,2015-01-01
19772,61486,61486,code_reused,2015-01-01
19773,61511,61375,absorbed,2015-01-01
19774,61513,61486,absorbed,2015-01-01
19775,69221,69255,absorbed,2015-01-01
19776,69255,69255,code_reused,2015-01-01
19777,71138,71578,absorbed,2015-01-01
19778,71578,71578,code_reused,2015-01-01
19779,72069,72137,absorbed,2015-01-01
19780,72137,72137,code_reused,2015-01-01
19781,72162,72137,absorbed,2015-01-01
19782,72207,72137,absorbed,2015-01-01
19783,72258,72137,absorbed,2015-01-01
19784,72318,72137,absorbed,2015-01-01
19785,73263,73263,code_reused,2015-01-01
19786,73264,73263,absorbed,2015-01-01
19787,77166,77316,absorbed,2015-01-01
19788,77316,77316,code_reused,2015-01-01
19789,02049,02049,renamed,2014-12-06
19790,21544,21544,renamed,2014-12-06
19791,25463,25463,renamed,2014-12-06
19792,31129,31129,renamed,2014-12-06
19793,66184,66184,renamed,2014-12-06
19794,72108,72108,renamed,2014-12-06
19795,82015,82015,renamed,2014-12-06
19796,82174,82174,renamed,2014-12-06
19797,14697,14472,replaced,2014-01-07
19798,55298,55138,split,2014-01-01
19799,76108,76095,split,2014-01-01
19800,16294,16294,renamed,2013-11-08
19801,17377,17377,renamed,2013-11-08
19802,38232,38232,renamed,2013-11-08
19803,40210,40210,renamed,2013-11-08
19804,73220,73220,renamed,2013-11-08
19805,73237,73237,renamed,2013-11-08
19806,74045,74045,renamed,2013-11-08
19807,81271,81271,renamed,2013-11-08
19808,52187,52187,code_reused,2013-02-28
19809,52379,52187,absorbed,2013-02-28
19810,05002,05139,absorbed,2013-01-01
19811,05020,05132,absorbed,2013-01-01
19812,05042,05139,absorbed,2013-01-01
19813,05067,05132,absorbed,2013-01-01
19814,05132,05132,code_reused,2013-01-01
19815,05138,05139,absorbed,2013-01-01
19816,05139,05139,code_reused,2013-01-01
19817,49018,49018,code_reused,2013-01-01
19818,49092,49092,code_reused,2013-01-01
19819,49101,49101,code_reused,2013-01-01
19820,49199,49092,absorbed,2013-01-01
19821,49213,49018,absorbed,2013-01-01
19822,49245,49018,absorbed,2013-01-01
19823,49303,49018,absorbed,2013-01-01
19824,49372,49018,absorbed,2013-01-01
19825,49380,49101,absorbed,2013-01-01
19826,69025,69248,absorbed,2013-01-01
19827,69041,69248,absorbed,2013-01-01
19828,69128,69248,absorbed,2013-01-01
19829,69129,69248,absorbed,2013-01-01
19830,69144,69208,absorbed,2013-01-01
19831,69208,69208,code_reused,2013-01-01
19832,69248,69248,code_reused,2013-01-01
19833,79030,79030,code_reused,2013-01-01
19834,79242,79242,code_reused,2013-01-01
19835,79353,79030,absorbed,2013-01-01
19836,79356,79242,absorbed,2013-01-01
19837,88176,88176,code_reused,2013-01-01
19838,88282,88176,absorbed,2013-01-01
19839,29159,29159,renamed,2012-08-04
19840,38066,38066,renamed,2012-08-04
19841,42019,42019,renamed,2012-08-04
19842,60099,60099,renamed,2012-08-04
19843,83114,83114,renamed,2012-08-04
19844,89342,89342,renamed,2012-08-04
19845,89367,89367,renamed,2012-08-04
19846,28042,28361,absorbed,2012-01-01
19847,28361,28361,code_reused,2012-01-01
19848,52031,52278,split,2012-01-01
19849,52332,52033,split,2012-01-01
19850,52332,52465,split,2012-01-01
19851,52427,52266,split,2012-01-01
19852,52504,52124,split,2012-01-01
19853,76095,76108,absorbed,2012-01-01
19854,76108,76108,code_reused,2012-01-01
19855,02240,02240,renamed,2011-03-25
19856,02319,02319,renamed,2011-03-25
19857,06128,06128,renamed,2011-03-25
19858,07259,07259,renamed,2011-03-25
19859,10264,10264,renamed,2011-03-25
19860,30249,30249,renamed,2011-03-25
19861,35130,35130,renamed,2011-03-25
19862,54050,54050,renamed,2011-03-25
19863,81217,81217,renamed,2011-03-25
19864,52376,52376,renamed,2011-01-01
19865,59183,59183,code_reused,2010-12-09
19866,59248,59183,absorbed,2010-12-09
19867,59540,59183,absorbed,2010-12-09
19868,17384,17384,renamed,2010-07-11
19869,49157,49157,renamed,2010-07-11
19870,78401,78401,renamed,2010-07-11
19871,89431,89431,renamed,2010-07-11
19872,95019,95019,renamed,2010-07-11
19873,04040,04040,renamed,2010-01-01
19874,24095,24095,renamed,2009-06-25
19875,31455,31455,renamed,2009-06-25
19876,62477,62477,renamed,2009-06-25
19877,63181,63181,renamed,2009-06-25
19878,45265,45265,renamed,2009-03-22
19879,02224,02224,renamed,2009-01-01
19880,21084,21084,code_reused,2009-01-01
19881,21551,21084,absorbed,2009-01-01
19882,01170,01170,renamed,2008-10-06
19883,02419,02419,renamed,2008-10-06
19884,10263,10263,renamed,2008-10-06
19885,27296,27296,renamed,2008-10-06
19886,53135,53135,renamed,2008-10-06
19887,56229,56229,renamed,2008-10-06
19888,59154,59154,renamed,2008-10-06
19889,83094,83094,renamed,2008-10-06
19890,31483,31300,split,2008-02-13
19891,89387,89326,split,2008-02-12
19892,35130,35317,split,2008-01-01
19893,62119,62847,split,2008-01-01
19894,01186,01186,renamed,2007-08-15
19895,19026,19026,renamed,2007-08-15
19896,59633,59633,renamed,2007-08-15
19897,72033,72033,renamed,2007-08-15
19898,63103,63103,renamed,2007-07-01
19899,81107,81132,absorbed,2007-06-29
19900,81132,81132,code_reused,2007-06-29
19901,74220,74220,renamed,2007-04-01
19902,50216,50216,code_reused,2007-03-08
19903,50303,50216,absorbed,2007-03-08
19904,97123,,deleted,2007-02-23
19905,97127,,deleted,2007-02-23
19906,39367,39367,code_reused,2007-01-01
19907,39524,39367,absorbed,2007-01-01
19908,67242,67057,split,2007-01-01
19909,80369,80369,code_reused,2007-01-01
19910,80370,80369,absorbed,2007-01-01
19911,79013,79013,code_reused,2006-09-01
19912,79037,79013,absorbed,2006-09-01
19913,79305,79013,absorbed,2006-09-01
19914,01077,01077,renamed,2006-07-09
19915,02163,02163,renamed,2006-07-09
19916,30195,30195,renamed,2006-07-09
19917,40145,40145,renamed,2006-07-09
19918,49369,49369,renamed,2006-07-09
19919,64479,64479,renamed,2006-07-09
19920,51136,51201,split,2006-03-01
19921,14149,14482,split,2006-01-01
19922,04176,04176,renamed,2005-09-16
19923,12133,12133,renamed,2005-09-16
19924,21306,21306,renamed,2005-09-16
19925,29272,29272,renamed,2005-09-16
19926,31492,31492,renamed,2005-09-16
19927,38216,38216,renamed,2005-09-16
19928,57073,57073,renamed,2005-09-16
19929,74077,74077,renamed,2005-07-01
19930,35090,35090,renamed,2005-01-01
19931,52359,52495,split,2005-01-01
19932,22179,22201,split,2004-10-01
19933,14106,14106,renamed,2004-08-30
19934,60456,60456,renamed,2004-08-30
19935,60485,60485,renamed,2004-08-30
19936,26192,26192,renamed,2004-01-01
19937,55419,55068,split,2004-01-01
19938,55419,55082,split,2004-01-01
19939,89055,89288,split,2003-12-31
19940,21526,21526,renamed,2003-08-07
19941,31479,31479,renamed,2003-08-07
19942,65024,65024,renamed,2003-08-07
19943,67098,67098,renamed,2003-08-07
19944,47157,47163,split,2003-02-03
19945,71211,71443,absorbed,2003-01-01
19946,71443,71443,code_reused,2003-01-01
19947,07279,07279,renamed,2002-04-14
19948,08386,08386,renamed,2002-04-14
19949,24026,24026,renamed,2002-04-14
19950,29186,29186,renamed,2002-04-14
19951,41230,41230,renamed,2002-04-14
19952,42151,42151,renamed,2002-04-14
19953,47112,47112,renamed,2002-04-14
19954,57259,57259,renamed,2002-04-14
19955,79091,79091,renamed,2002-04-14
19956,26091,26091,code_reused,2002-01-01
19957,26158,26091,absorbed,2002-01-01
19958,61136,61136,code_reused,2002-01-01
19959,61254,61136,absorbed,2002-01-01
19960,47010,47227,split,2001-03-22
19961,64269,64439,split,2001-03-11
19962,64269,64518,split,2001-03-11
19963,71543,71353,split,2001-03-11
19964,79017,79195,absorbed,2001-03-11
19965,79195,79195,code_reused,2001-03-11
19966,74210,74106,split,2001-02-19
19967,05014,05014,renamed,2001-02-04
19968,06114,06114,renamed,2001-02-04
19969,24028,24028,renamed,2001-02-04
19970,29145,29145,renamed,2001-02-04
19971,29165,29165,renamed,2001-02-04
19972,30141,30141,renamed,2001-02-04
19973,38280,38280,renamed,2001-02-04
19974,42321,42321,renamed,2001-02-04
19975,45033,45033,renamed,2001-02-04
19976,45145,45145,renamed,2001-02-04
19977,58248,58248,renamed,2001-02-04
19978,79328,79328,renamed,2001-02-04
19979,07006,07006,renamed,2001-01-01
19980,07083,07083,renamed,2001-01-01
19981,21381,21381,renamed,2001-01-01
19982,24516,24516,renamed,2001-01-01
19983,2A215,2A215,renamed,2001-01-01
19984,76167,76167,renamed,2001-01-01
19985,49206,49206,code_reused,2000-02-29
19986,49210,49206,absorbed,2000-02-29
19987,50129,50129,code_reused,2000-02-28
19988,50383,50129,absorbed,2000-02-28
19989,59350,59350,code_reused,2000-02-27
19990,59355,59350,absorbed,2000-02-27
19991,10054,10038,split,2000-01-01
19992,10054,10383,split,2000-01-01
19993,50066,50102,split,2000-01-01
19994,55118,55118,renamed,2000-01-01
19995,55119,55119,renamed,2000-01-01
19996,61022,61483,absorbed,2000-01-01
19997,61483,61483,code_reused,2000-01-01
19998,74014,74014,renamed,2000-01-01
19999,85036,85036,code_reused,2000-01-01
20000,85068,85036,absorbed,2000-01-01
20001,14750,14750,renamed,1999-12-29
20002,22391,22391,renamed,1999-12-29
20003,39238,39238,renamed,1999-12-29
20004,51599,51599,renamed,1999-12-29
20005,52197,52197,renamed,1999-12-29
20006,57679,57679,renamed,1999-12-29
20007,60150,60150,renamed,1999-12-29
20008,79337,79337,renamed,1999-12-29
20009,88413,88413,renamed,1999-12-29
20010,89344,89325,split,1999-01-01
20011,01165,01165,renamed,1998-12-09
20012,04193,04193,renamed,1998-12-09
20013,30008,30008,renamed,1998-12-09
20014,63022,63022,renamed,1998-12-09
20015,02374,02374,renamed,1998-11-19
20016,41063,41063,renamed,1998-11-19
20017,45083,45083,renamed,1998-11-19
20018,50033,50033,renamed,1998-11-19
20019,69020,69020,renamed,1998-11-19
20020,76745,76745,renamed,1998-11-19
20021,51108,51108,renamed,1998-01-04
20022,57011,57248,split,1998-01-01
20023,57011,57573,split,1998-01-01
20024,57011,57675,split,1998-01-01
20025,89341,89315,split,1998-01-01
20026,06015,06015,renamed,1997-12-25
20027,21419,21419,renamed,1997-12-25
20028,22317,22317,renamed,1997-12-25
20029,22349,22349,renamed,1997-12-25
20030,24547,24547,renamed,1997-12-25
20031,46167,46167,renamed,1997-12-25
20032,62180,62180,renamed,1997-12-25
20033,62527,62527,renamed,1997-12-25
20034,78329,78329,renamed,1997-12-25
20035,62119,62126,split,1997-11-20
20036,59349,59287,split,1997-03-01
20037,16159,16297,absorbed,1997-01-01
20038,16297,16297,code_reused,1997-01-01
20039,18139,18139,renamed,1997-01-01
20040,28059,28059,renamed,1997-01-01
20041,52444,52468,split,1997-01-01
20042,55227,54602,replaced,1997-01-01
20043,64417,64145,split,1997-01-01
20044,64493,64235,split,1997-01-01
20045,68037,68037,renamed,1997-01-01
20046,68367,68367,renamed,1997-01-01
20047,71101,71101,code_reused,1997-01-01
20048,71560,71101,absorbed,1997-01-01
20049,90068,90073,split,1997-01-01
20050,05036,05036,renamed,1996-08-11
20051,12093,12093,renamed,1996-08-11
20052,17437,17437,renamed,1996-08-11
20053,23257,23257,renamed,1996-08-11
20054,35339,35339,renamed,1996-08-11
20055,43120,43120,renamed,1996-08-11
20056,43131,43131,renamed,1996-08-11
20057,49058,49058,renamed,1996-08-11
20058,77181,77181,renamed,1996-08-11
20059,84151,84151,renamed,1996-08-11
20060,02767,02767,renamed,1996-01-01
20061,62110,62473,absorbed,1996-01-01
20062,62473,62473,code_reused,1996-01-01
20063,62575,62473,absorbed,1996-01-01
20064,68350,68350,renamed,1996-01-01
20065,07216,07216,renamed,1995-11-17
20066,11188,11188,renamed,1995-11-17
20067,14041,14041,renamed,1995-11-17
20068,25187,25187,renamed,1995-11-17
20069,35184,35184,renamed,1995-11-17
20070,40315,40315,renamed,1995-11-17
20071,46232,46232,renamed,1995-11-17
20072,50143,50143,renamed,1995-11-17
20073,56224,56224,renamed,1995-11-17
20074,74279,74279,renamed,1995-11-17
20075,76287,76287,renamed,1995-11-17
20076,87006,87006,renamed,1995-11-17
20077,88034,88106,absorbed,1995-07-01
20078,88106,88106,code_reused,1995-07-01
20079,27297,27297,code_reused,1995-06-19
20080,27328,27297,absorbed,1995-06-19
20081,74281,74166,split,1995-05-25
20082,16204,16204,renamed,1995-01-01
20083,16338,16338,renamed,1995-01-01
20084,21173,21173,renamed,1995-01-01
20085,57181,57181,renamed,1994-07-01
20086,01408,01408,renamed,1994-06-13
20087,15218,15218,renamed,1994-06-13
20088,33529,33529,renamed,1994-06-13
20089,49012,49012,renamed,1994-06-13
20090,59219,59219,renamed,1994-06-13
20091,60532,60532,renamed,1994-06-13
20092,16022,16339,absorbed,1994-01-01
20093,16339,16339,code_reused,1994-01-01
20094,32045,32323,split,1994-01-01
20095,62119,62119,code_reused,1994-01-01
20096,62126,62119,absorbed,1994-01-01
20097,70004,70004,code_reused,1994-01-01
20098,70073,70004,absorbed,1994-01-01
20099,24490,24490,renamed,1993-11-01
20100,35188,35188,renamed,1993-11-01
20101,84043,84043,renamed,1993-11-01
20102,16029,16063,split,1993-10-01
20103,07112,07112,renamed,1993-04-01
20104,11190,11190,renamed,1993-04-01
20105,12004,12004,renamed,1993-04-01
20106,21416,21416,renamed,1993-04-01
20107,21609,21609,renamed,1993-04-01
20108,24208,24208,renamed,1993-04-01
20109,42142,42142,renamed,1993-04-01
20110,49261,49261,renamed,1993-04-01
20111,57570,57570,renamed,1993-04-01
20112,60554,60554,renamed,1993-04-01
20113,76133,76133,renamed,1993-04-01
20114,77124,77124,renamed,1993-04-01
20115,81069,81069,renamed,1993-04-01
20116,83093,83093,renamed,1993-04-01
20117,89273,89273,renamed,1993-04-01
20118,35073,35206,absorbed,1993-01-01
20119,35206,35206,code_reused,1993-01-01
20120,97357,97362,split,1993-01-01
20121,67340,67558,split,1992-12-31
20122,31445,31445,renamed,1992-11-01
20123,52178,52178,renamed,1992-11-01
20124,06039,06039,renamed,1992-09-01
20125,09299,09299,renamed,1992-09-01
20126,13061,13061,renamed,1992-09-01
20127,21139,21139,renamed,1992-09-01
20128,23137,23137,renamed,1992-09-01
20129,24454,24454,renamed,1992-09-01
20130,34337,34337,renamed,1992-09-01
20131,44037,44037,renamed,1992-09-01
20132,60074,60074,renamed,1992-09-01
20133,61280,61280,renamed,1992-09-01
20134,66115,66115,renamed,1992-09-01
20135,70268,70268,renamed,1992-09-01
20136,77305,77305,renamed,1992-09-01
20137,26020,26020,code_reused,1992-05-01
20138,26265,26020,absorbed,1992-05-01
20139,02630,02738,absorbed,1992-01-01
20140,02738,02738,code_reused,1992-01-01
20141,52374,52240,split,1992-01-01
20142,52374,52354,split,1992-01-01
20143,52374,52375,split,1992-01-01
20144,52374,52539,split,1992-01-01
20145,67513,67026,split,1992-01-01
20146,67513,67027,split,1992-01-01
20147,67513,67144,split,1992-01-01
20148,79079,79235,split,1992-01-01
20149,04049,04049,renamed,1991-12-20
20150,05163,05163,renamed,1991-12-20
20151,07102,07102,renamed,1991-12-20
20152,34287,34287,renamed,1991-12-20
20153,38359,38359,renamed,1991-12-20
20154,50041,50041,renamed,1991-12-20
20155,59527,59527,renamed,1991-12-20
20156,01088,01088,renamed,1991-03-21
20157,01449,01449,renamed,1991-03-21
20158,25151,25151,renamed,1991-03-21
20159,27604,27604,renamed,1991-03-21
20160,33127,33127,renamed,1991-03-21
20161,08352,08047,split,1991-01-01
20162,62119,62119,code_reused,1990-12-10
20163,62847,62119,absorbed,1990-12-10
20164,52113,52145,split,1990-07-01
20165,52113,52170,split,1990-07-01
20166,52113,52228,split,1990-07-01
20167,14624,14697,replaced,1990-02-01
20168,10316,10043,split,1990-01-01
20169,53024,53062,absorbed,1990-01-01
20170,53062,53062,code_reused,1990-01-01
20171,55517,55409,split,1990-01-01
20172,38139,38139,code_reused,1989-09-30
20173,38227,38139,absorbed,1989-09-30
20174,66134,66099,split,1989-09-30
20175,66134,66211,split,1989-09-30
20176,05134,05134,renamed,1989-08-20
20177,07011,07011,renamed,1989-08-20
20178,34335,34335,renamed,1989-08-20
20179,35242,35242,renamed,1989-08-20
20180,55346,55346,renamed,1989-08-20
20181,64310,64310,renamed,1989-08-20
20182,64523,64523,renamed,1989-08-20
20183,66170,66170,renamed,1989-08-20
20184,68250,68250,renamed,1989-08-20
20185,93073,93073,renamed,1989-08-20
20186,24068,24560,split,1989-02-15
20187,38422,38567,split,1989-02-15
20188,38478,38567,split,1989-02-15
20189,38529,38567,split,1989-02-15
20190,52432,52042,split,1989-02-15
20191,05023,05109,split,1989-01-01
20192,07132,07318,split,1989-01-01
20193,08125,08297,split,1989-01-01
20194,11195,11234,split,1989-01-01
20195,33286,33342,absorbed,1989-01-01
20196,33342,33342,code_reused,1989-01-01
20197,50410,50042,split,1989-01-01
20198,57372,57767,split,1989-01-01
20199,64269,64329,split,1989-01-01
20200,67484,67349,split,1989-01-01
20201,70117,70330,split,1989-01-01
20202,97306,97361,split,1989-01-01
20203,04070,04070,renamed,1988-06-25
20204,04134,04134,renamed,1988-06-25
20205,04178,04178,renamed,1988-06-25
20206,21606,21606,renamed,1988-06-25
20207,34258,34258,renamed,1988-06-25
20208,51416,51416,renamed,1988-06-25
20209,58185,58185,renamed,1988-06-25
20210,61143,61143,renamed,1988-06-25
20211,64289,64289,renamed,1988-06-25
20212,77390,77390,renamed,1988-06-25
20213,02430,02430,renamed,1988-03-18
20214,05132,05132,renamed,1988-03-18
20215,06159,06159,renamed,1988-03-18
20216,07324,07324,renamed,1988-03-18
20217,43157,43157,renamed,1988-03-18
20218,45029,45029,renamed,1988-03-18
20219,52311,52392,split,1988-01-01
20220,55183,55580,split,1988-01-01
20221,55570,55044,split,1988-01-01
20222,55570,55210,split,1988-01-01
20223,55570,55448,split,1988-01-01
20224,55570,55555,split,1988-01-01
20225,65003,65003,code_reused,1988-01-01
20226,65365,65003,absorbed,1988-01-01
20227,67484,67012,split,1988-01-01
20228,73003,73024,split,1988-01-01
20229,47310,47095,split,1987-10-01
20230,12155,12155,renamed,1987-07-06
20231,30297,30297,renamed,1987-07-06
20232,33090,33090,renamed,1987-07-06
20233,33213,33213,renamed,1987-07-06
20234,62238,62238,renamed,1987-07-06
20235,84118,84118,renamed,1987-07-06
20236,54142,54411,split,1987-04-08
20237,54142,54554,split,1987-04-08
20238,39439,39259,split,1987-03-01
20239,57306,57562,split,1987-02-17
20240,62178,62178,code_reused,1987-02-09
20241,62482,62178,absorbed,1987-02-09
20242,05161,05161,renamed,1987-02-06
20243,09142,09142,renamed,1987-02-06
20244,28387,28387,renamed,1987-02-06
20245,37005,37005,renamed,1987-02-06
20246,37169,37169,renamed,1987-02-06
20247,71585,71585,renamed,1987-02-06
20248,73116,73116,renamed,1987-02-06
20249,77085,77085,renamed,1987-02-06
20250,28159,28368,split,1987-01-01
20251,53003,53111,split,1987-01-01
20252,54405,54523,split,1987-01-01
20253,54418,54133,split,1987-01-01
20254,54418,54388,split,1987-01-01
20255,54418,54601,split,1987-01-01
20256,55438,55208,split,1987-01-01
20257,22204,22269,split,1986-09-01
20258,07005,07005,renamed,1986-06-06
20259,16291,16291,renamed,1986-06-06
20260,28173,28173,renamed,1986-06-06
20261,33424,33424,renamed,1986-06-06
20262,44106,44106,renamed,1986-06-06
20263,58180,58180,renamed,1986-06-06
20264,58236,58236,renamed,1986-06-06
20265,66190,66190,renamed,1986-06-06
20266,76536,76536,renamed,1986-06-06
20267,84109,84109,renamed,1986-06-06
20268,08119,08377,split,1986-01-01
20269,25317,25414,split,1986-01-01
20270,35266,35363,split,1986-01-01
20271,52406,52223,split,1986-01-01
20272,52406,52394,split,1986-01-01
20273,52406,52467,split,1986-01-01
20274,52406,52493,split,1986-01-01
20275,52406,52503,split,1986-01-01
20276,52406,52546,split,1986-01-01
20277,52504,52103,split,1986-01-01
20278,55033,55103,split,1986-01-01
20279,55569,55295,split,1986-01-01
20280,57086,57173,split,1986-01-01
20281,67163,67406,split,1986-01-01
20282,80163,80836,split,1986-01-01
20283,72206,72241,absorbed,1985-11-01
20284,72241,72241,code_reused,1985-11-01
20285,15003,15024,split,1985-10-01
20286,71014,71414,split,1985-10-01
20287,57115,57027,split,1985-08-04
20288,57115,57328,split,1985-08-04
20289,57115,57673,split,1985-08-04
20290,06106,06106,renamed,1985-05-05
20291,16024,16024,renamed,1985-05-05
20292,24132,24132,renamed,1985-05-05
20293,24293,24293,renamed,1985-05-05
20294,24361,24361,renamed,1985-05-05
20295,24472,24472,renamed,1985-05-05
20296,51583,51583,renamed,1985-05-05
20297,56037,56037,renamed,1985-05-05
20298,70206,70206,renamed,1985-05-05
20299,89224,89002,split,1985-02-08
20300,07039,07039,renamed,1985-01-19
20301,21149,21149,renamed,1985-01-19
20302,2A269,2A269,renamed,1985-01-19
20303,34074,34074,renamed,1985-01-19
20304,34247,34247,renamed,1985-01-19
20305,35056,35056,renamed,1985-01-19
20306,05058,05058,renamed,1985-01-01
20307,08470,08233,split,1985-01-01
20308,25592,25362,split,1985-01-01
20309,39302,39414,split,1985-01-01
20310,49140,49140,renamed,1985-01-01
20311,50531,50317,split,1985-01-01
20312,52035,52285,split,1985-01-01
20313,52156,52030,split,1985-01-01
20314,52257,52390,split,1985-01-01
20315,52257,52513,split,1985-01-01
20316,52439,52016,split,1985-01-01
20317,55154,55204,split,1985-01-01
20318,57175,57362,split,1985-01-01
20319,61277,61277,renamed,1985-01-01
20320,66130,66220,split,1985-01-01
20321,79005,79047,split,1985-01-01
20322,80086,80086,code_reused,1985-01-01
20323,80772,80086,absorbed,1985-01-01
20324,85002,85045,split,1985-01-01
20325,17073,17073,renamed,1984-11-19
20326,27701,27701,renamed,1984-11-19
20327,35334,35334,renamed,1984-11-19
20328,53146,53146,renamed,1984-11-19
20329,63242,63242,renamed,1984-11-19
20330,64010,64010,renamed,1984-11-19
20331,66063,66063,renamed,1984-11-19
20332,74061,74061,renamed,1984-11-19
20333,76497,76497,renamed,1984-11-19
20334,22296,22165,split,1984-07-05
20335,66167,66100,split,1984-03-28
20336,22213,22103,split,1984-01-01
20337,24450,24375,split,1984-01-01
20338,38466,38418,split,1984-01-01
20339,50463,50221,split,1984-01-01
20340,52348,52009,split,1984-01-01
20341,52348,52037,split,1984-01-01
20342,52348,52059,split,1984-01-01
20343,52348,52105,split,1984-01-01
20344,52348,52108,split,1984-01-01
20345,52348,52116,split,1984-01-01
20346,52348,52163,split,1984-01-01
20347,52348,52207,split,1984-01-01
20348,52348,52280,split,1984-01-01
20349,52348,52363,split,1984-01-01
20350,52348,52397,split,1984-01-01
20351,55035,55352,split,1984-01-01
20352,55286,55395,split,1984-01-01
20353,55286,55482,split,1984-01-01
20354,55286,55525,split,1984-01-01
20355,57011,57346,split,1984-01-01
20356,64461,64108,split,1984-01-01
20357,64461,64462,split,1984-01-01
20358,47093,47058,split,1983-11-24
20359,47209,47019,split,1983-11-24
20360,66037,66186,split,1983-11-15
20361,09235,09235,renamed,1983-04-17
20362,16075,16075,renamed,1983-04-17
20363,17260,17260,renamed,1983-04-17
20364,23248,23248,renamed,1983-04-17
20365,30216,30216,renamed,1983-04-17
20366,40039,40039,renamed,1983-04-17
20367,52292,52292,renamed,1983-04-17
20368,67347,67347,renamed,1983-04-17
20369,70140,70140,renamed,1983-04-17
20370,70309,70309,renamed,1983-04-17
20371,85127,85127,renamed,1983-04-17
20372,57011,57494,split,1983-03-01
20373,66161,66219,split,1983-02-21
20374,79049,79038,split,1983-02-15
20375,79277,79056,split,1983-02-15
20376,05123,05112,split,1983-02-14
20377,79196,79054,split,1983-02-14
20378,31144,31548,split,1983-02-01
20379,01243,01243,renamed,1983-01-14
20380,28330,28330,renamed,1983-01-14
20381,41185,41185,renamed,1983-01-14
20382,62014,62014,renamed,1983-01-14
20383,66047,66047,renamed,1983-01-14
20384,76727,76727,renamed,1983-01-14
20385,14336,14376,split,1983-01-01
20386,15140,15160,split,1983-01-01
20387,21331,21074,split,1983-01-01
20388,21331,21268,split,1983-01-01
20389,47324,47223,split,1983-01-01
20390,50528,50063,split,1983-01-01
20391,50528,50548,split,1983-01-01
20392,51316,51300,split,1983-01-01
20393,52017,52022,split,1983-01-01
20394,52420,52335,split,1983-01-01
20395,52420,52473,split,1983-01-01
20396,52420,52523,split,1983-01-01
20397,53181,53213,split,1983-01-01
20398,53181,53238,split,1983-01-01
20399,55119,55118,split,1983-01-01
20400,55245,55386,split,1983-01-01
20401,55487,55540,split,1983-01-01
20402,64252,64007,split,1983-01-01
20403,66010,66010,code_reused,1983-01-01
20404,66200,66010,absorbed,1983-01-01
20405,67108,67247,split,1983-01-01
20406,74237,74203,split,1983-01-01
20407,74281,74013,split,1983-01-01
20408,90033,90056,split,1983-01-01
20409,67211,67474,absorbed,1982-07-01
20410,67474,67474,code_reused,1982-07-01
20411,08169,08169,code_reused,1982-03-03
20412,08221,08169,absorbed,1982-03-03
20413,19261,19206,split,1982-01-01
20414,21400,21400,renamed,1982-01-01
20415,25317,25172,split,1982-01-01
20416,28226,28351,split,1982-01-01
20417,30126,30126,renamed,1982-01-01
20418,30135,30135,renamed,1982-01-01
20419,30192,30192,renamed,1982-01-01
20420,30240,30240,renamed,1982-01-01
20421,30250,30250,renamed,1982-01-01
20422,30308,30308,renamed,1982-01-01
20423,52091,52091,renamed,1982-01-01
20424,55069,55560,split,1982-01-01
20425,55535,55216,split,1982-01-01
20426,55535,55367,split,1982-01-01
20427,57106,57110,split,1982-01-01
20428,57465,57733,split,1982-01-01
20429,59342,59342,renamed,1982-01-01
20430,61078,61078,renamed,1982-01-01
20431,70518,70518,renamed,1982-01-01
20432,77352,77136,split,1982-01-01
20433,78246,78202,split,1982-01-01
20434,80779,80779,renamed,1982-01-01
20435,89233,89040,split,1982-01-01
20436,58128,58128,renamed,1981-11-06
20437,27351,27701,split,1981-09-28
20438,27365,27701,split,1981-09-28
20439,27471,27701,split,1981-09-28
20440,27474,27701,split,1981-09-28
20441,27528,27701,split,1981-09-28
20442,27537,27701,split,1981-09-28
20443,27598,27701,split,1981-09-28
20444,27651,27701,split,1981-09-28
20445,15205,15205,renamed,1981-03-13
20446,23067,23067,renamed,1981-03-13
20447,33236,33236,renamed,1981-03-13
20448,60028,60028,renamed,1981-03-13
20449,64440,64440,renamed,1981-03-13
20450,76605,76605,renamed,1981-03-13
20451,77300,77300,renamed,1981-03-13
20452,57133,57133,code_reused,1981-02-01
20453,57170,57133,absorbed,1981-02-01
20454,09306,09092,split,1981-01-01
20455,25015,25155,split,1981-01-01
20456,25015,25236,split,1981-01-01
20457,25015,25359,split,1981-01-01
20458,57460,57069,split,1981-01-01
20459,57460,57570,split,1981-01-01
20460,57460,57720,split,1981-01-01
20461,79100,79304,split,1981-01-01
20462,04112,04190,split,1980-06-12
20463,04072,04009,split,1980-01-01
20464,50160,50097,split,1980-01-01
20465,50415,50415,renamed,1980-01-01
20466,50528,50035,split,1980-01-01
20467,50609,50170,split,1980-01-01
20468,50609,50571,split,1980-01-01
20469,50630,50284,split,1980-01-01
20470,59183,59183,code_reused,1980-01-01
20471,59380,59183,absorbed,1980-01-01
20472,76025,76292,split,1980-01-01
20473,76217,76217,code_reused,1980-01-01
20474,76466,76217,absorbed,1980-01-01
20475,86160,86002,split,1980-01-01
20476,86160,86073,split,1980-01-01
20477,86160,86089,split,1980-01-01
20478,86160,86144,split,1980-01-01
20479,86160,86150,split,1980-01-01
20480,86160,86277,split,1980-01-01
20481,86160,86299,split,1980-01-01
20482,89283,89252,split,1980-01-01
20483,90033,90063,split,1980-01-01
20484,01265,01265,renamed,1979-12-31
20485,33088,33088,renamed,1979-12-31
20486,44152,44152,renamed,1979-12-31
20487,47221,47221,renamed,1979-12-31
20488,50167,50167,renamed,1979-12-31
20489,71234,71234,renamed,1979-12-31
20490,87046,87046,renamed,1979-11-22
20491,39465,39584,split,1979-10-01
20492,02032,02032,renamed,1979-06-15
20493,02524,02524,renamed,1979-06-15
20494,17286,17286,renamed,1979-06-15
20495,29237,29237,renamed,1979-06-15
20496,34284,34284,renamed,1979-06-15
20497,57337,57337,renamed,1979-06-15
20498,74273,74273,renamed,1979-06-15
20499,57150,57150,code_reused,1979-06-01
20500,57420,57150,absorbed,1979-06-01
20501,85003,85055,split,1979-05-31
20502,47048,47033,split,1979-04-16
20503,47048,47259,split,1979-04-16
20504,33046,33046,renamed,1979-03-09
20505,71444,71444,renamed,1979-03-09
20506,71263,71056,split,1979-03-01
20507,71263,71528,split,1979-03-01
20508,78506,78506,renamed,1979-03-01
20509,52205,52297,split,1979-02-01
20510,02559,02559,code_reused,1979-01-01
20511,02611,02559,absorbed,1979-01-01
20512,25015,25017,split,1979-01-01
20513,50167,50199,split,1979-01-01
20514,50167,50496,split,1979-01-01
20515,65008,65141,absorbed,1979-01-01
20516,65141,65141,code_reused,1979-01-01
20517,76755,76386,split,1979-01-01
20518,76755,76680,split,1979-01-01
20519,76755,76689,split,1979-01-01
20520,89010,89259,split,1979-01-01
20521,89010,89371,split,1979-01-01
20522,89069,89425,split,1979-01-01
20523,89118,89155,split,1979-01-01
20524,89275,89457,split,1979-01-01
20525,33222,33222,renamed,1978-12-21
20526,12305,12003,split,1978-12-07
20527,33099,33099,renamed,1978-08-25
20528,42191,42191,renamed,1978-08-25
20529,64337,64337,renamed,1978-08-25
20530,86120,86120,renamed,1978-08-25
20531,89324,89324,renamed,1978-08-25
20532,64367,64179,split,1978-01-20
20533,64367,64349,split,1978-01-20
20534,02524,02166,split,1978-01-01
20535,04029,04155,absorbed,1978-01-01
20536,04155,04155,code_reused,1978-01-01
20537,39209,39209,renamed,1978-01-01
20538,45065,45065,renamed,1978-01-01
20539,50066,50532,split,1978-01-01
20540,88227,88227,code_reused,1978-01-01
20541,88351,88048,split,1978-01-01
20542,88396,88227,absorbed,1978-01-01
20543,90026,90048,split,1978-01-01
20544,64113,64031,split,1977-11-15
20545,10204,10204,renamed,1977-10-05
20546,18208,18208,renamed,1977-10-05
20547,39372,39372,renamed,1977-10-05
20548,51325,51325,renamed,1977-10-05
20549,56024,56024,renamed,1977-10-05
20550,59136,59136,renamed,1977-10-05
20551,70059,70059,renamed,1977-10-05
20552,78261,78261,renamed,1977-10-05
20553,70427,70025,split,1977-07-01
20554,59298,59350,absorbed,1977-04-24
20555,59350,59350,code_reused,1977-04-24
20556,91122,91692,split,1977-02-19
20557,91471,91692,split,1977-02-19
20558,74246,74256,absorbed,1977-02-15
20559,74256,74256,code_reused,1977-02-15
20560,19267,19275,absorbed,1977-01-01
20561,19275,19275,code_reused,1977-01-01
20562,25485,25485,code_reused,1977-01-01
20563,25577,25485,absorbed,1977-01-01
20564,51021,51158,absorbed,1977-01-01
20565,51024,51158,absorbed,1977-01-01
20566,51158,51158,code_reused,1977-01-01
20567,51383,51158,absorbed,1977-01-01
20568,55060,55060,code_reused,1977-01-01
20569,55337,55060,absorbed,1977-01-01
20570,55354,55060,absorbed,1977-01-01
20571,89014,89014,code_reused,1977-01-01
20572,89140,89014,absorbed,1977-01-01
20573,89344,89220,split,1977-01-01
20574,89344,89254,split,1977-01-01
20575,89344,89352,split,1977-01-01
20576,89420,89340,split,1977-01-01
20577,02247,02580,absorbed,1976-12-31
20578,02580,02580,code_reused,1976-12-31
20579,97357,97360,split,1976-11-12
20580,76355,76531,split,1976-10-29
20581,35036,35064,absorbed,1976-07-01
20582,35064,35064,code_reused,1976-07-01
20583,55487,55487,code_reused,1976-07-01
20584,55540,55487,absorbed,1976-07-01
20585,97107,97107,renamed,1976-06-04
20586,10030,10030,renamed,1976-05-05
20587,11123,11123,renamed,1976-05-05
20588,27437,27437,renamed,1976-05-05
20589,30054,30054,renamed,1976-05-05
20590,30150,30150,renamed,1976-05-05
20591,30298,30298,renamed,1976-05-05
20592,59032,59032,renamed,1976-05-05
20593,91106,91106,renamed,1976-05-05
20594,20001,2A001,replaced,1976-01-01
20595,20002,2B002,replaced,1976-01-01
20596,20003,2B003,replaced,1976-01-01
20597,20004,2A004,replaced,1976-01-01
20598,20005,2B005,replaced,1976-01-01
20599,20006,2A006,replaced,1976-01-01
20600,20007,2B007,replaced,1976-01-01
20601,20008,2A008,replaced,1976-01-01
20602,20009,2B009,replaced,1976-01-01
20603,20010,2B010,replaced,1976-01-01
20604,20011,2A011,replaced,1976-01-01
20605,20012,2B012,replaced,1976-01-01
20606,20013,2B013,replaced,1976-01-01
20607,20014,2A014,replaced,1976-01-01
20608,20015,2B015,replaced,1976-01-01
20609,20016,2B016,replaced,1976-01-01
20610,20017,2A017,replaced,1976-01-01
20611,20018,2A018,replaced,1976-01-01
20612,20019,2A019,replaced,1976-01-01
20613,20020,2B020,replaced,1976-01-01
20614,20021,2A021,replaced,1976-01-01
20615,20022,2A022,replaced,1976-01-01
20616,20023,2B023,replaced,1976-01-01
20617,20024,2A024,replaced,1976-01-01
20618,20025,2B025,replaced,1976-01-01
20619,20026,2A026,replaced,1976-01-01
20620,20027,2A027,replaced,1976-01-01
20621,20028,2A028,replaced,1976-01-01
20622,20029,2B029,replaced,1976-01-01
20623,20030,2B030,replaced,1976-01-01
20624,20031,2A031,replaced,1976-01-01
20625,20032,2A032,replaced,1976-01-01
20626,20033,2B033,replaced,1976-01-01
20627,20034,2B034,replaced,1976-01-01
20628,20035,2A035,replaced,1976-01-01
20629,20036,2B036,replaced,1976-01-01
20630,20037,2B037,replaced,1976-01-01
20631,20038,2A038,replaced,1976-01-01
20632,20039,2B039,replaced,1976-01-01
20633,20040,2A040,replaced,1976-01-01
20634,20041,2A041,replaced,1976-01-01
20635,20042,2B042,replaced,1976-01-01
20636,20043,2B043,replaced,1976-01-01
20637,20045,2B045,replaced,1976-01-01
20638,20046,2B046,replaced,1976-01-01
20639,20047,2B047,replaced,1976-01-01
20640,20048,2A048,replaced,1976-01-01
20641,20049,2B049,replaced,1976-01-01
20642,20050,2B050,replaced,1976-01-01
20643,20051,2B051,replaced,1976-01-01
20644,20052,2B052,replaced,1976-01-01
20645,20053,2B053,replaced,1976-01-01
20646,20054,2B054,replaced,1976-01-01
20647,20055,2B055,replaced,1976-01-01
20648,20056,2A056,replaced,1976-01-01
20649,20057,2B057,replaced,1976-01-01
20650,20058,2B058,replaced,1976-01-01
20651,20059,2B059,replaced,1976-01-01
20652,20060,2A060,replaced,1976-01-01
20653,20061,2A061,replaced,1976-01-01
20654,20062,2A062,replaced,1976-01-01
20655,20063,2B063,replaced,1976-01-01
20656,20064,2A064,replaced,1976-01-01
20657,20065,2A065,replaced,1976-01-01
20658,20066,2A066,replaced,1976-01-01
20659,20067,2B067,replaced,1976-01-01
20660,20068,2B068,replaced,1976-01-01
20661,20069,2B069,replaced,1976-01-01
20662,20070,2A070,replaced,1976-01-01
20663,20071,2A071,replaced,1976-01-01
20664,20072,2B072,replaced,1976-01-01
20665,20073,2B073,replaced,1976-01-01
20666,20074,2B074,replaced,1976-01-01
20667,20075,2B075,replaced,1976-01-01
20668,20077,2B077,replaced,1976-01-01
20669,20078,2B078,replaced,1976-01-01
20670,20079,2B079,replaced,1976-01-01
20671,20080,2B080,replaced,1976-01-01
20672,20081,2B081,replaced,1976-01-01
20673,20082,2B082,replaced,1976-01-01
20674,20083,2B083,replaced,1976-01-01
20675,20084,2B084,replaced,1976-01-01
20676,20085,2A085,replaced,1976-01-01
20677,20086,2B086,replaced,1976-01-01
20678,20087,2B087,replaced,1976-01-01
20679,20088,2B088,replaced,1976-01-01
20680,20089,2A089,replaced,1976-01-01
20681,20090,2A090,replaced,1976-01-01
20682,20091,2A091,replaced,1976-01-01
20683,20092,2A092,replaced,1976-01-01
20684,20093,2B093,replaced,1976-01-01
20685,20094,2A094,replaced,1976-01-01
20686,20095,2B095,replaced,1976-01-01
20687,20096,2B096,replaced,1976-01-01
20688,20097,2B097,replaced,1976-01-01
20689,20098,2A098,replaced,1976-01-01
20690,20099,2A099,replaced,1976-01-01
20691,20100,2A100,replaced,1976-01-01
20692,20101,2B101,replaced,1976-01-01
20693,20102,2B102,replaced,1976-01-01
20694,20103,2A103,replaced,1976-01-01
20695,20104,2A104,replaced,1976-01-01
20696,20105,2B105,replaced,1976-01-01
20697,20106,2B106,replaced,1976-01-01
20698,20107,2B107,replaced,1976-01-01
20699,20108,2A108,replaced,1976-01-01
20700,20109,2B109,replaced,1976-01-01
20701,20110,2B110,replaced,1976-01-01
20702,20111,2B111,replaced,1976-01-01
20703,20112,2B112,replaced,1976-01-01
20704,20113,2B113,replaced,1976-01-01
20705,20114,2A114,replaced,1976-01-01
20706,20115,2A115,replaced,1976-01-01
20707,20116,2B116,replaced,1976-01-01
20708,20117,2A117,replaced,1976-01-01
20709,20118,2A118,replaced,1976-01-01
20710,20119,2A119,replaced,1976-01-01
20711,20120,2B120,replaced,1976-01-01
20712,20121,2B121,replaced,1976-01-01
20713,20122,2B122,replaced,1976-01-01
20714,20123,2B123,replaced,1976-01-01
20715,20124,2B124,replaced,1976-01-01
20716,20125,2B125,replaced,1976-01-01
20717,20126,2B126,replaced,1976-01-01
20718,20127,2A127,replaced,1976-01-01
20719,20128,2A128,replaced,1976-01-01
20720,20129,2A129,replaced,1976-01-01
20721,20130,2A130,replaced,1976-01-01
20722,20131,2A131,replaced,1976-01-01
20723,20132,2A132,replaced,1976-01-01
20724,20133,2A133,replaced,1976-01-01
20725,20134,2B134,replaced,1976-01-01
20726,20135,2B135,replaced,1976-01-01
20727,20136,2B136,replaced,1976-01-01
20728,20137,2B137,replaced,1976-01-01
20729,20138,2B138,replaced,1976-01-01
20730,20139,2A139,replaced,1976-01-01
20731,20140,2B140,replaced,1976-01-01
20732,20141,2A141,replaced,1976-01-01
20733,20142,2A142,replaced,1976-01-01
20734,20143,2B143,replaced,1976-01-01
20735,20144,2A144,replaced,1976-01-01
20736,20145,2B145,replaced,1976-01-01
20737,20146,2A146,replaced,1976-01-01
20738,20147,2B147,replaced,1976-01-01
20739,20148,2B148,replaced,1976-01-01
20740,20149,2B149,replaced,1976-01-01
20741,20150,2B150,replaced,1976-01-01
20742,20152,2B152,replaced,1976-01-01
20743,20153,2B153,replaced,1976-01-01
20744,20154,2A154,replaced,1976-01-01
20745,20155,2B155,replaced,1976-01-01
20746,20156,2B156,replaced,1976-01-01
20747,20157,2B157,replaced,1976-01-01
20748,20158,2A158,replaced,1976-01-01
20749,20159,2B159,replaced,1976-01-01
20750,20160,2A160,replaced,1976-01-01
20751,20161,2B161,replaced,1976-01-01
20752,20162,2B162,replaced,1976-01-01
20753,20163,2A163,replaced,1976-01-01
20754,20164,2B164,replaced,1976-01-01
20755,20165,2B165,replaced,1976-01-01
20756,20166,2B166,replaced,1976-01-01
20757,20167,2B167,replaced,1976-01-01
20758,20168,2B168,replaced,1976-01-01
20759,20169,2B169,replaced,1976-01-01
20760,20170,2B170,replaced,1976-01-01
20761,20171,2B171,replaced,1976-01-01
20762,20172,2B172,replaced,1976-01-01
20763,20173,2B173,replaced,1976-01-01
20764,20174,2A174,replaced,1976-01-01
20765,20175,2B175,replaced,1976-01-01
20766,20176,2B176,replaced,1976-01-01
20767,20177,2B177,replaced,1976-01-01
20768,20178,2B178,replaced,1976-01-01
20769,20179,2B179,replaced,1976-01-01
20770,20180,2B180,replaced,1976-01-01
20771,20181,2A181,replaced,1976-01-01
20772,20182,2B182,replaced,1976-01-01
20773,20183,2B183,replaced,1976-01-01
20774,20184,2B184,replaced,1976-01-01
20775,20185,2B185,replaced,1976-01-01
20776,20186,2A186,replaced,1976-01-01
20777,20187,2B187,replaced,1976-01-01
20778,20188,2B188,replaced,1976-01-01
20779,20189,2A189,replaced,1976-01-01
20780,20190,2B190,replaced,1976-01-01
20781,20191,2A191,replaced,1976-01-01
20782,20192,2B192,replaced,1976-01-01
20783,20193,2B193,replaced,1976-01-01
20784,20194,2B194,replaced,1976-01-01
20785,20195,2B195,replaced,1976-01-01
20786,20196,2A196,replaced,1976-01-01
20787,20197,2A197,replaced,1976-01-01
20788,20198,2A198,replaced,1976-01-01
20789,20199,2B199,replaced,1976-01-01
20790,20200,2A200,replaced,1976-01-01
20791,20201,2B201,replaced,1976-01-01
20792,20202,2B202,replaced,1976-01-01
20793,20203,2A203,replaced,1976-01-01
20794,20204,2A204,replaced,1976-01-01
20795,20205,2B205,replaced,1976-01-01
20796,20206,2B206,replaced,1976-01-01
20797,20207,2B207,replaced,1976-01-01
20798,20208,2B208,replaced,1976-01-01
20799,20209,2A209,replaced,1976-01-01
20800,20210,2B210,replaced,1976-01-01
20801,20211,2A211,replaced,1976-01-01
20802,20212,2A212,replaced,1976-01-01
20803,20213,2B213,replaced,1976-01-01
20804,20214,2B214,replaced,1976-01-01
20805,20215,2A215,replaced,1976-01-01
20806,20216,2B216,replaced,1976-01-01
20807,20217,2B217,replaced,1976-01-01
20808,20218,2B218,replaced,1976-01-01
20809,20219,2B219,replaced,1976-01-01
20810,20220,2B220,replaced,1976-01-01
20811,20221,2B221,replaced,1976-01-01
20812,20222,2B222,replaced,1976-01-01
20813,20223,2B223,replaced,1976-01-01
20814,20224,2B224,replaced,1976-01-01
20815,20225,2B225,replaced,1976-01-01
20816,20226,2B226,replaced,1976-01-01
20817,20227,2B227,replaced,1976-01-01
20818,20228,2A228,replaced,1976-01-01
20819,20229,2B229,replaced,1976-01-01
20820,20230,2B230,replaced,1976-01-01
20821,20231,2B231,replaced,1976-01-01
20822,20232,2A232,replaced,1976-01-01
20823,20233,2B233,replaced,1976-01-01
20824,20234,2B234,replaced,1976-01-01
20825,20235,2B235,replaced,1976-01-01
20826,20236,2B236,replaced,1976-01-01
20827,20238,2B238,replaced,1976-01-01
20828,20239,2B239,replaced,1976-01-01
20829,20240,2A240,replaced,1976-01-01
20830,20241,2B241,replaced,1976-01-01
20831,20242,2B242,replaced,1976-01-01
20832,20243,2B243,replaced,1976-01-01
20833,20244,2B244,replaced,1976-01-01
20834,20245,2B245,replaced,1976-01-01
20835,20246,2B246,replaced,1976-01-01
20836,20247,2A247,replaced,1976-01-01
20837,20248,2B248,replaced,1976-01-01
20838,20249,2A249,replaced,1976-01-01
20839,20250,2B250,replaced,1976-01-01
20840,20251,2B251,replaced,1976-01-01
20841,20252,2B252,replaced,1976-01-01
20842,20253,2A253,replaced,1976-01-01
20843,20254,2A254,replaced,1976-01-01
20844,20255,2B255,replaced,1976-01-01
20845,20256,2B256,replaced,1976-01-01
20846,20257,2B257,replaced,1976-01-01
20847,20258,2A258,replaced,1976-01-01
20848,20259,2A259,replaced,1976-01-01
20849,20260,2B260,replaced,1976-01-01
20850,20261,2B261,replaced,1976-01-01
20851,20262,2A262,replaced,1976-01-01
20852,20263,2B263,replaced,1976-01-01
20853,20264,2B264,replaced,1976-01-01
20854,20265,2B265,replaced,1976-01-01
20855,20266,2A266,replaced,1976-01-01
20856,20267,2B267,replaced,1976-01-01
20857,20268,2A268,replaced,1976-01-01
20858,20269,2A269,replaced,1976-01-01
20859,20270,2A270,replaced,1976-01-01
20860,20271,2A271,replaced,1976-01-01
20861,20272,2A272,replaced,1976-01-01
20862,20273,2B273,replaced,1976-01-01
20863,20274,2B274,replaced,1976-01-01
20864,20275,2B275,replaced,1976-01-01
20865,20276,2A276,replaced,1976-01-01
20866,20277,2B277,replaced,1976-01-01
20867,20278,2A278,replaced,1976-01-01
20868,20279,2A279,replaced,1976-01-01
20869,20280,2B280,replaced,1976-01-01
20870,20281,2B281,replaced,1976-01-01
20871,20282,2A282,replaced,1976-01-01
20872,20283,2B283,replaced,1976-01-01
20873,20284,2A284,replaced,1976-01-01
20874,20285,2A285,replaced,1976-01-01
20875,20286,2B286,replaced,1976-01-01
20876,20287,2B287,replaced,1976-01-01
20877,20288,2A288,replaced,1976-01-01
20878,20289,2B289,replaced,1976-01-01
20879,20290,2B290,replaced,1976-01-01
20880,20291,2B291,replaced,1976-01-01
20881,20292,2B292,replaced,1976-01-01
20882,20293,2B293,replaced,1976-01-01
20883,20295,2A295,replaced,1976-01-01
20884,20296,2B296,replaced,1976-01-01
20885,20297,2B297,replaced,1976-01-01
20886,20298,2B298,replaced,1976-01-01
20887,20299,2B299,replaced,1976-01-01
20888,20300,2A300,replaced,1976-01-01
20889,20301,2B301,replaced,1976-01-01
20890,20302,2B302,replaced,1976-01-01
20891,20303,2B303,replaced,1976-01-01
20892,20304,2B304,replaced,1976-01-01
20893,20305,2B305,replaced,1976-01-01
20894,20306,2B306,replaced,1976-01-01
20895,20307,2B307,replaced,1976-01-01
20896,20308,2A308,replaced,1976-01-01
20897,20309,2B309,replaced,1976-01-01
20898,20310,2A310,replaced,1976-01-01
20899,20311,2B311,replaced,1976-01-01
20900,20312,2A312,replaced,1976-01-01
20901,20313,2B313,replaced,1976-01-01
20902,20314,2B314,replaced,1976-01-01
20903,20315,2B315,replaced,1976-01-01
20904,20316,2B316,replaced,1976-01-01
20905,20317,2B317,replaced,1976-01-01
20906,20318,2B318,replaced,1976-01-01
20907,20319,2B319,replaced,1976-01-01
20908,20320,2B320,replaced,1976-01-01
20909,20321,2B321,replaced,1976-01-01
20910,20322,2A322,replaced,1976-01-01
20911,20323,2A323,replaced,1976-01-01
20912,20324,2A324,replaced,1976-01-01
20913,20326,2A326,replaced,1976-01-01
20914,20327,2B327,replaced,1976-01-01
20915,20328,2B328,replaced,1976-01-01
20916,20329,2B329,replaced,1976-01-01
20917,20330,2A330,replaced,1976-01-01
20918,20331,2A331,replaced,1976-01-01
20919,20332,2B332,replaced,1976-01-01
20920,20333,2B333,replaced,1976-01-01
20921,20334,2B334,replaced,1976-01-01
20922,20335,2B335,replaced,1976-01-01
20923,20336,2A336,replaced,1976-01-01
20924,20337,2B337,replaced,1976-01-01
20925,20338,2B338,replaced,1976-01-01
20926,20339,2B339,replaced,1976-01-01
20927,20340,2B340,replaced,1976-01-01
20928,20341,2B341,replaced,1976-01-01
20929,20342,2B342,replaced,1976-01-01
20930,20343,2B343,replaced,1976-01-01
20931,20344,2B344,replaced,1976-01-01
20932,20345,2A345,replaced,1976-01-01
20933,20346,2B346,replaced,1976-01-01
20934,20347,2B347,replaced,1976-01-01
20935,20348,2A348,replaced,1976-01-01
20936,20349,2A349,replaced,1976-01-01
20937,20350,2B350,replaced,1976-01-01
20938,20351,2A351,replaced,1976-01-01
20939,20352,2B352,replaced,1976-01-01
20940,20353,2B353,replaced,1976-01-01
20941,20354,2B354,replaced,1976-01-01
20942,20355,2B355,replaced,1976-01-01
20943,20356,2B356,replaced,1976-01-01
20944,20357,2A357,replaced,1976-01-01
20945,20358,2A358,replaced,1976-01-01
20946,20359,2A359,replaced,1976-01-01
20947,20360,2A360,replaced,1976-01-01
20948,20361,2B361,replaced,1976-01-01
20949,20362,2A362,replaced,1976-01-01
20950,20363,2A363,replaced,1976-01-01
20951,20364,2B364,replaced,1976-01-01
20952,20365,2B365,replaced,1976-01-01
20953,20366,2B366,replaced,1976-01-01
20954,26151,26262,absorbed,1976-01-01
20955,26262,26262,code_reused,1976-01-01
20956,39005,39385,absorbed,1976-01-01
20957,39385,39385,code_reused,1976-01-01
20958,63217,63303,absorbed,1976-01-01
20959,63303,63303,code_reused,1976-01-01
20960,69011,69172,absorbed,1976-01-01
20961,69172,69172,code_reused,1976-01-01
20962,89054,89369,split,1976-01-01
20963,46014,46014,renamed,1975-09-26
20964,07031,07031,code_reused,1975-07-01
20965,07046,07031,absorbed,1975-07-01
20966,07125,07147,absorbed,1975-07-01
20967,07147,07147,code_reused,1975-07-01
20968,07246,07284,absorbed,1975-07-01
20969,07284,07284,code_reused,1975-07-01
20970,07320,07147,absorbed,1975-07-01
20971,68216,68216,code_reused,1975-07-01
20972,68236,68216,absorbed,1975-07-01
20973,57132,57132,code_reused,1975-06-01
20974,57157,57132,absorbed,1975-06-01
20975,01251,01313,absorbed,1975-01-01
20976,01313,01313,code_reused,1975-01-01
20977,02102,02102,renamed,1975-01-01
20978,04112,04112,code_reused,1975-01-01
20979,04190,04112,absorbed,1975-01-01
20980,05061,05061,code_reused,1975-01-01
20981,05125,05061,absorbed,1975-01-01
20982,09264,09264,code_reused,1975-01-01
20983,09337,09264,absorbed,1975-01-01
20984,11295,11295,renamed,1975-01-01
20985,12003,12305,absorbed,1975-01-01
20986,12305,12305,code_reused,1975-01-01
20987,14046,14046,code_reused,1975-01-01
20988,14526,14695,absorbed,1975-01-01
20989,14537,14046,absorbed,1975-01-01
20990,14695,14695,code_reused,1975-01-01
20991,17370,17454,absorbed,1975-01-01
20992,17454,17454,code_reused,1975-01-01
20993,18007,18007,renamed,1975-01-01
20994,22030,22030,code_reused,1975-01-01
20995,22120,22030,absorbed,1975-01-01
20996,24001,24001,renamed,1975-01-01
20997,24362,24362,renamed,1975-01-01
20998,26055,26055,code_reused,1975-01-01
20999,26260,26055,absorbed,1975-01-01
21000,27153,27153,renamed,1975-01-01
21001,43209,43239,absorbed,1975-01-01
21002,43239,43239,code_reused,1975-01-01
21003,44201,44201,renamed,1975-01-01
21004,49307,49307,renamed,1975-01-01
21005,51494,52182,absorbed,1975-01-01
21006,52182,52182,code_reused,1975-01-01
21007,58246,58246,renamed,1975-01-01
21008,59663,59663,renamed,1975-01-01
21009,59666,59666,renamed,1975-01-01
21010,62576,62576,renamed,1975-01-01
21011,63463,63463,renamed,1975-01-01
21012,67007,67544,absorbed,1975-01-01
21013,67144,67513,absorbed,1975-01-01
21014,67193,67206,absorbed,1975-01-01
21015,67206,67206,code_reused,1975-01-01
21016,67224,67442,absorbed,1975-01-01
21017,67262,67206,absorbed,1975-01-01
21018,67442,67442,code_reused,1975-01-01
21019,67513,67513,code_reused,1975-01-01
21020,67544,67544,code_reused,1975-01-01
21021,71476,71481,absorbed,1975-01-01
21022,71481,71481,code_reused,1975-01-01
21023,76003,76020,absorbed,1975-01-01
21024,76020,76020,code_reused,1975-01-01
21025,76025,76025,code_reused,1975-01-01
21026,76292,76025,absorbed,1975-01-01
21027,80309,80566,absorbed,1975-01-01
21028,80566,80566,code_reused,1975-01-01
21029,83129,83129,renamed,1975-01-01
21030,85040,85040,code_reused,1975-01-01
21031,85230,85040,absorbed,1975-01-01
21032,08047,08352,absorbed,1974-12-29
21033,08057,08057,code_reused,1974-12-29
21034,08112,08057,absorbed,1974-12-29
21035,08333,08333,code_reused,1974-12-29
21036,08345,08333,absorbed,1974-12-29
21037,08352,08352,code_reused,1974-12-29
21038,07132,07132,code_reused,1974-12-01
21039,07318,07132,absorbed,1974-12-01
21040,52211,52211,code_reused,1974-12-01
21041,52409,52211,absorbed,1974-12-01
21042,01036,01036,code_reused,1974-11-01
21043,01226,01036,absorbed,1974-11-01
21044,28131,91016,absorbed,1974-11-01
21045,67122,67122,code_reused,1974-11-01
21046,67332,67351,absorbed,1974-11-01
21047,67351,67351,code_reused,1974-11-01
21048,67518,67122,absorbed,1974-11-01
21049,91016,91016,code_reused,1974-11-01
21050,66100,66167,absorbed,1974-10-08
21051,66167,66167,code_reused,1974-10-08
21052,02166,02524,absorbed,1974-10-01
21053,02524,02524,code_reused,1974-10-01
21054,07270,07270,code_reused,1974-10-01
21055,07271,07270,absorbed,1974-10-01
21056,34154,34344,split,1974-10-01
21057,53127,53127,code_reused,1974-10-01
21058,53166,53127,absorbed,1974-10-01
21059,33041,33042,absorbed,1974-09-01
21060,33042,33042,code_reused,1974-09-01
21061,31016,31085,absorbed,1974-08-01
21062,31085,31085,code_reused,1974-08-01
21063,31154,31085,absorbed,1974-08-01
21064,32065,32065,code_reused,1974-08-01
21065,32259,32065,absorbed,1974-08-01
21066,76150,76732,absorbed,1974-08-01
21067,76732,76732,code_reused,1974-08-01
21068,67024,67495,absorbed,1974-07-15
21069,67495,67495,code_reused,1974-07-15
21070,27206,27206,code_reused,1974-07-01
21071,27450,27206,absorbed,1974-07-01
21072,33217,33341,absorbed,1974-07-01
21073,33341,33341,code_reused,1974-07-01
21074,36039,36070,absorbed,1974-07-01
21075,36070,36070,code_reused,1974-07-01
21076,52210,70122,absorbed,1974-07-01
21077,67012,67484,absorbed,1974-07-01
21078,67349,67484,absorbed,1974-07-01
21079,67484,67484,code_reused,1974-07-01
21080,70122,70122,code_reused,1974-07-01
21081,78193,78193,code_reused,1974-07-01
21082,78357,78193,absorbed,1974-07-01
21083,86057,86233,absorbed,1974-07-01
21084,86233,86233,code_reused,1974-07-01
21085,24354,24354,renamed,1974-06-07
21086,05023,05023,code_reused,1974-06-01
21087,05109,05023,absorbed,1974-06-01
21088,08285,08328,absorbed,1974-06-01
21089,08328,08328,code_reused,1974-06-01
21090,25337,25357,absorbed,1974-06-01
21091,25357,25357,code_reused,1974-06-01
21092,25527,25527,code_reused,1974-06-01
21093,39012,25527,absorbed,1974-06-01
21094,45035,45035,code_reused,1974-06-01
21095,45090,45035,absorbed,1974-06-01
21096,56198,56198,code_reused,1974-06-01
21097,56217,56198,absorbed,1974-06-01
21098,56235,56198,absorbed,1974-06-01
21099,67108,67108,code_reused,1974-06-01
21100,67247,67108,absorbed,1974-06-01
21101,08113,08113,code_reused,1974-05-01
21102,08258,08113,absorbed,1974-05-01
21103,08265,08366,absorbed,1974-05-01
21104,08266,08366,absorbed,1974-05-01
21105,08366,08366,code_reused,1974-05-01
21106,08495,08113,absorbed,1974-05-01
21107,57106,57106,code_reused,1974-05-01
21108,57110,57106,absorbed,1974-05-01
21109,77421,77421,code_reused,1974-05-01
21110,77497,77421,absorbed,1974-05-01
21111,89069,89069,code_reused,1974-04-15
21112,89425,89069,absorbed,1974-04-15
21113,20249,20249,code_reused,1974-04-01
21114,20325,20249,absorbed,1974-04-01
21115,25023,25575,absorbed,1974-04-01
21116,25292,25334,absorbed,1974-04-01
21117,25334,25334,code_reused,1974-04-01
21118,25575,25575,code_reused,1974-04-01
21119,42239,42239,code_reused,1974-04-01
21120,42263,42239,absorbed,1974-04-01
21121,67026,67513,absorbed,1974-04-01
21122,67027,67513,absorbed,1974-04-01
21123,67513,67513,code_reused,1974-04-01
21124,80457,80630,absorbed,1974-04-01
21125,80630,80630,code_reused,1974-04-01
21126,85002,85002,code_reused,1974-04-01
21127,85045,85002,absorbed,1974-04-01
21128,52283,52332,absorbed,1974-03-09
21129,52332,52332,code_reused,1974-03-09
21130,04038,04208,absorbed,1974-03-01
21131,04052,04144,absorbed,1974-03-01
21132,04060,04219,absorbed,1974-03-01
21133,04070,04070,code_reused,1974-03-01
21134,04071,04070,absorbed,1974-03-01
21135,04144,04144,code_reused,1974-03-01
21136,04208,04208,code_reused,1974-03-01
21137,04219,04219,code_reused,1974-03-01
21138,04232,04208,absorbed,1974-03-01
21139,48099,48099,code_reused,1974-03-01
21140,48113,48099,absorbed,1974-03-01
21141,49029,49029,code_reused,1974-03-01
21142,49152,49029,absorbed,1974-03-01
21143,67057,67242,absorbed,1974-03-01
21144,67242,67242,code_reused,1974-03-01
21145,69066,69066,code_reused,1974-03-01
21146,69262,69066,absorbed,1974-03-01
21147,18026,18026,renamed,1974-02-13
21148,19085,19085,renamed,1974-02-13
21149,51393,51393,renamed,1974-02-13
21150,59488,59488,renamed,1974-02-13
21151,70101,70101,renamed,1974-02-13
21152,70176,70176,renamed,1974-02-13
21153,77006,77006,renamed,1974-02-13
21154,77126,77126,renamed,1974-02-13
21155,52113,52113,code_reused,1974-02-01
21156,52228,52113,absorbed,1974-02-01
21157,67340,67340,code_reused,1974-02-01
21158,67558,67340,absorbed,1974-02-01
21159,01003,01165,absorbed,1974-01-01
21160,01048,01245,absorbed,1974-01-01
21161,01070,01165,absorbed,1974-01-01
21162,01086,01414,absorbed,1974-01-01
21163,01161,01414,absorbed,1974-01-01
21164,01165,01165,code_reused,1974-01-01
21165,01223,01450,absorbed,1974-01-01
21166,01245,01245,code_reused,1974-01-01
21167,01253,01450,absorbed,1974-01-01
21168,01270,01410,absorbed,1974-01-01
21169,01324,01245,absorbed,1974-01-01
21170,01410,01410,code_reused,1974-01-01
21171,01414,01414,code_reused,1974-01-01
21172,01450,01450,code_reused,1974-01-01
21173,02300,02738,absorbed,1974-01-01
21174,02738,02738,code_reused,1974-01-01
21175,02825,02738,absorbed,1974-01-01
21176,04010,04136,absorbed,1974-01-01
21177,04014,04109,absorbed,1974-01-01
21178,04043,04043,code_reused,1974-01-01
21179,04056,04108,absorbed,1974-01-01
21180,04075,04075,code_reused,1974-01-01
21181,04105,04192,absorbed,1974-01-01
21182,04108,04108,code_reused,1974-01-01
21183,04109,04109,code_reused,1974-01-01
21184,04124,04124,code_reused,1974-01-01
21185,04125,04043,absorbed,1974-01-01
21186,04131,04124,absorbed,1974-01-01
21187,04136,04136,code_reused,1974-01-01
21188,04146,04217,absorbed,1974-01-01
21189,04153,04204,absorbed,1974-01-01
21190,04192,04192,code_reused,1974-01-01
21191,04196,04075,absorbed,1974-01-01
21192,04204,04204,code_reused,1974-01-01
21193,04217,04217,code_reused,1974-01-01
21194,04238,04075,absorbed,1974-01-01
21195,04243,04043,absorbed,1974-01-01
21196,16126,16253,absorbed,1974-01-01
21197,16253,16253,code_reused,1974-01-01
21198,17013,17013,code_reused,1974-01-01
21199,17014,17332,absorbed,1974-01-01
21200,17088,17013,absorbed,1974-01-01
21201,17251,17282,absorbed,1974-01-01
21202,17282,17282,code_reused,1974-01-01
21203,17332,17332,code_reused,1974-01-01
21204,24049,24497,absorbed,1974-01-01
21205,24068,24068,code_reused,1974-01-01
21206,24072,24068,absorbed,1974-01-01
21207,24315,24068,absorbed,1974-01-01
21208,24497,24497,code_reused,1974-01-01
21209,24560,24068,absorbed,1974-01-01
21210,25362,25592,absorbed,1974-01-01
21211,25592,25592,code_reused,1974-01-01
21212,26053,26055,absorbed,1974-01-01
21213,26055,26055,code_reused,1974-01-01
21214,27198,27198,code_reused,1974-01-01
21215,27409,27198,absorbed,1974-01-01
21216,29092,29241,absorbed,1974-01-01
21217,29241,29241,code_reused,1974-01-01
21218,31144,31144,code_reused,1974-01-01
21219,31300,31483,absorbed,1974-01-01
21220,31483,31483,code_reused,1974-01-01
21221,31548,31144,absorbed,1974-01-01
21222,35074,35096,absorbed,1974-01-01
21223,35096,35096,code_reused,1974-01-01
21224,39125,39478,absorbed,1974-01-01
21225,39144,39478,absorbed,1974-01-01
21226,39152,39478,absorbed,1974-01-01
21227,39198,39198,code_reused,1974-01-01
21228,39256,39198,absorbed,1974-01-01
21229,39450,39478,absorbed,1974-01-01
21230,39478,39478,code_reused,1974-01-01
21231,39541,39478,absorbed,1974-01-01
21232,47019,47209,absorbed,1974-01-01
21233,47209,47209,code_reused,1974-01-01
21234,49094,49094,code_reused,1974-01-01
21235,49153,49153,code_reused,1974-01-01
21236,49164,49153,absorbed,1974-01-01
21237,49286,49373,absorbed,1974-01-01
21238,49357,49094,absorbed,1974-01-01
21239,49373,49373,code_reused,1974-01-01
21240,49379,49373,absorbed,1974-01-01
21241,51300,51316,absorbed,1974-01-01
21242,51316,51316,code_reused,1974-01-01
21243,53265,53265,code_reused,1974-01-01
21244,53275,53265,absorbed,1974-01-01
21245,57019,57019,code_reused,1974-01-01
21246,57204,57204,code_reused,1974-01-01
21247,57435,57019,absorbed,1974-01-01
21248,57460,57460,code_reused,1974-01-01
21249,57720,57460,absorbed,1974-01-01
21250,57735,57204,absorbed,1974-01-01
21251,62008,62008,code_reused,1974-01-01
21252,62881,62881,code_reused,1974-01-01
21253,62884,62008,absorbed,1974-01-01
21254,67347,67347,code_reused,1974-01-01
21255,67562,67347,absorbed,1974-01-01
21256,74013,74281,absorbed,1974-01-01
21257,74014,74014,code_reused,1974-01-01
21258,74017,74077,absorbed,1974-01-01
21259,74039,74095,absorbed,1974-01-01
21260,74077,74077,code_reused,1974-01-01
21261,74095,74095,code_reused,1974-01-01
21262,74106,74210,absorbed,1974-01-01
21263,74113,74220,absorbed,1974-01-01
21264,74115,74185,absorbed,1974-01-01
21265,74132,74014,absorbed,1974-01-01
21266,74185,74185,code_reused,1974-01-01
21267,74203,74237,absorbed,1974-01-01
21268,74210,74210,code_reused,1974-01-01
21269,74220,74220,code_reused,1974-01-01
21270,74227,74274,absorbed,1974-01-01
21271,74236,74236,code_reused,1974-01-01
21272,74237,74237,code_reused,1974-01-01
21273,74248,74236,absorbed,1974-01-01
21274,74274,74274,code_reused,1974-01-01
21275,74281,74281,code_reused,1974-01-01
21276,79146,79268,absorbed,1974-01-01
21277,79268,79268,code_reused,1974-01-01
21278,80072,62881,absorbed,1974-01-01
21279,80463,80463,code_reused,1974-01-01
21280,80818,80463,absorbed,1974-01-01
21281,85079,85135,absorbed,1974-01-01
21282,85135,85135,code_reused,1974-01-01
21283,85228,85288,absorbed,1974-01-01
21284,85243,85243,code_reused,1974-01-01
21285,85258,85243,absorbed,1974-01-01
21286,85270,85277,absorbed,1974-01-01
21287,85277,85277,code_reused,1974-01-01
21288,85288,85288,code_reused,1974-01-01
21289,87027,87027,code_reused,1974-01-01
21290,87171,87027,absorbed,1974-01-01
21291,91173,91613,absorbed,1974-01-01
21292,91613,91613,code_reused,1974-01-01
21293,08051,08069,absorbed,1973-12-29
21294,08069,08069,code_reused,1973-12-29
21295,08089,08089,code_reused,1973-12-29
21296,08213,08366,absorbed,1973-12-29
21297,08233,08470,absorbed,1973-12-29
21298,08337,08362,absorbed,1973-12-29
21299,08362,08362,code_reused,1973-12-29
21300,08366,08366,code_reused,1973-12-29
21301,08423,08089,absorbed,1973-12-29
21302,08470,08470,code_reused,1973-12-29
21303,57027,57115,absorbed,1973-12-01
21304,57115,57115,code_reused,1973-12-01
21305,57328,57115,absorbed,1973-12-01
21306,57542,57542,code_reused,1973-12-01
21307,57608,57542,absorbed,1973-12-01
21308,57673,57115,absorbed,1973-12-01
21309,57695,57695,code_reused,1973-12-01
21310,57699,57695,absorbed,1973-12-01
21311,01091,01091,code_reused,1973-11-01
21312,01278,01091,absorbed,1973-11-01
21313,01458,01091,absorbed,1973-11-01
21314,12132,12257,absorbed,1973-11-01
21315,12257,12257,code_reused,1973-11-01
21316,52008,52008,code_reused,1973-10-01
21317,52054,52008,absorbed,1973-10-01
21318,87092,87092,code_reused,1973-10-01
21319,87098,87092,absorbed,1973-10-01
21320,57023,57086,absorbed,1973-09-09
21321,57086,57086,code_reused,1973-09-09
21322,57173,57086,absorbed,1973-09-09
21323,02285,59545,absorbed,1973-09-01
21324,04015,04177,absorbed,1973-09-01
21325,04046,04046,code_reused,1973-09-01
21326,04083,04046,absorbed,1973-09-01
21327,04177,04177,code_reused,1973-09-01
21328,08093,08344,absorbed,1973-09-01
21329,08125,08125,code_reused,1973-09-01
21330,08177,08189,absorbed,1973-09-01
21331,08189,08189,code_reused,1973-09-01
21332,08297,08125,absorbed,1973-09-01
21333,08344,08344,code_reused,1973-09-01
21334,49099,49099,code_reused,1973-09-01
21335,51332,51381,absorbed,1973-09-01
21336,51381,51381,code_reused,1973-09-01
21337,51575,51611,absorbed,1973-09-01
21338,51611,51611,code_reused,1973-09-01
21339,52020,52273,absorbed,1973-09-01
21340,52273,52273,code_reused,1973-09-01
21341,59545,59545,code_reused,1973-09-01
21342,67114,67176,absorbed,1973-09-01
21343,67170,67176,absorbed,1973-09-01
21344,67176,67176,code_reused,1973-09-01
21345,79224,49099,absorbed,1973-09-01
21346,52071,52491,absorbed,1973-08-01
21347,52080,52491,absorbed,1973-08-01
21348,52481,52491,absorbed,1973-08-01
21349,52491,52491,code_reused,1973-08-01
21350,64049,64049,code_reused,1973-08-01
21351,64278,64049,absorbed,1973-08-01
21352,71014,71014,code_reused,1973-07-15
21353,71414,71014,absorbed,1973-07-15
21354,71467,71014,absorbed,1973-07-15
21355,04009,04072,absorbed,1973-07-01
21356,04039,04039,code_reused,1973-07-01
21357,04048,04039,absorbed,1973-07-01
21358,04072,04072,code_reused,1973-07-01
21359,04078,04039,absorbed,1973-07-01
21360,04168,04039,absorbed,1973-07-01
21361,04212,04039,absorbed,1973-07-01
21362,04215,04039,absorbed,1973-07-01
21363,07043,07334,absorbed,1973-07-01
21364,07057,07334,absorbed,1973-07-01
21365,07164,07334,absorbed,1973-07-01
21366,07180,07204,absorbed,1973-07-01
21367,07204,07204,code_reused,1973-07-01
21368,07334,07334,code_reused,1973-07-01
21369,10314,10314,code_reused,1973-07-01
21370,10322,10314,absorbed,1973-07-01
21371,25010,25223,absorbed,1973-07-01
21372,25144,25505,absorbed,1973-07-01
21373,25167,25374,absorbed,1973-07-01
21374,25168,25223,absorbed,1973-07-01
21375,25205,25223,absorbed,1973-07-01
21376,25223,25223,code_reused,1973-07-01
21377,25275,25275,code_reused,1973-07-01
21378,25374,25374,code_reused,1973-07-01
21379,25385,25385,code_reused,1973-07-01
21380,25396,25505,absorbed,1973-07-01
21381,25407,25275,absorbed,1973-07-01
21382,25409,25505,absorbed,1973-07-01
21383,25484,25223,absorbed,1973-07-01
21384,25505,25505,code_reused,1973-07-01
21385,25543,25385,absorbed,1973-07-01
21386,25606,25275,absorbed,1973-07-01
21387,35020,35130,absorbed,1973-07-01
21388,35130,35130,code_reused,1973-07-01
21389,35317,35130,absorbed,1973-07-01
21390,39022,39022,code_reused,1973-07-01
21391,39044,39022,absorbed,1973-07-01
21392,48039,48039,code_reused,1973-07-01
21393,48196,48039,absorbed,1973-07-01
21394,51017,51017,code_reused,1973-07-01
21395,51136,51136,code_reused,1973-07-01
21396,51201,51136,absorbed,1973-07-01
21397,51400,51017,absorbed,1973-07-01
21398,54405,54405,code_reused,1973-07-01
21399,54523,54405,absorbed,1973-07-01
21400,55117,55117,code_reused,1973-07-01
21401,55208,55438,absorbed,1973-07-01
21402,55259,55117,absorbed,1973-07-01
21403,55402,55117,absorbed,1973-07-01
21404,55413,55497,absorbed,1973-07-01
21405,55438,55438,code_reused,1973-07-01
21406,55497,55497,code_reused,1973-07-01
21407,57011,57011,code_reused,1973-07-01
21408,57248,57011,absorbed,1973-07-01
21409,57346,57011,absorbed,1973-07-01
21410,57494,57011,absorbed,1973-07-01
21411,57573,57011,absorbed,1973-07-01
21412,57675,57011,absorbed,1973-07-01
21413,63038,63038,code_reused,1973-07-01
21414,63316,63038,absorbed,1973-07-01
21415,70246,70247,absorbed,1973-07-01
21416,70247,70247,code_reused,1973-07-01
21417,70458,70247,absorbed,1973-07-01
21418,71056,71263,absorbed,1973-07-01
21419,71114,71263,absorbed,1973-07-01
21420,71263,71263,code_reused,1973-07-01
21421,71528,71263,absorbed,1973-07-01
21422,80211,80211,code_reused,1973-07-01
21423,80816,80211,absorbed,1973-07-01
21424,90040,90041,absorbed,1973-07-01
21425,90041,90041,code_reused,1973-07-01
21426,21074,21331,absorbed,1973-06-01
21427,21268,21331,absorbed,1973-06-01
21428,21331,21331,code_reused,1973-06-01
21429,42080,42225,absorbed,1973-06-01
21430,42225,42225,code_reused,1973-06-01
21431,44042,44131,absorbed,1973-06-01
21432,44131,44131,code_reused,1973-06-01
21433,44177,44131,absorbed,1973-06-01
21434,45348,45348,code_reused,1973-06-01
21435,45349,45348,absorbed,1973-06-01
21436,52078,52121,absorbed,1973-06-01
21437,52121,52121,code_reused,1973-06-01
21438,55154,55154,code_reused,1973-06-01
21439,55204,55154,absorbed,1973-06-01
21440,66025,66025,code_reused,1973-06-01
21441,66031,66025,absorbed,1973-06-01
21442,76601,76676,absorbed,1973-06-01
21443,76676,76676,code_reused,1973-06-01
21444,04119,04161,absorbed,1973-05-15
21445,04161,04161,code_reused,1973-05-15
21446,10036,10058,absorbed,1973-05-01
21447,10058,10058,code_reused,1973-05-01
21448,14507,14513,absorbed,1973-05-01
21449,14513,14513,code_reused,1973-05-01
21450,25036,25036,code_reused,1973-05-01
21451,25037,25036,absorbed,1973-05-01
21452,27105,27105,code_reused,1973-05-01
21453,27352,27105,absorbed,1973-05-01
21454,55002,55002,code_reused,1973-05-01
21455,55085,55085,code_reused,1973-05-01
21456,55240,55002,absorbed,1973-05-01
21457,55417,55085,absorbed,1973-05-01
21458,57135,57209,absorbed,1973-05-01
21459,57209,57209,code_reused,1973-05-01
21460,04003,04081,absorbed,1973-04-15
21461,04081,04081,code_reused,1973-04-15
21462,04084,04084,code_reused,1973-04-15
21463,04221,04084,absorbed,1973-04-15
21464,76355,76355,code_reused,1973-04-10
21465,76531,76355,absorbed,1973-04-10
21466,76122,76122,code_reused,1973-04-04
21467,76246,76122,absorbed,1973-04-04
21468,76351,76351,code_reused,1973-04-04
21469,76539,76351,absorbed,1973-04-04
21470,04002,04167,absorbed,1973-04-01
21471,04011,04023,absorbed,1973-04-01
21472,04023,04023,code_reused,1973-04-01
21473,04040,04040,code_reused,1973-04-01
21474,04080,04097,absorbed,1973-04-01
21475,04082,04023,absorbed,1973-04-01
21476,04089,04226,absorbed,1973-04-01
21477,04097,04097,code_reused,1973-04-01
21478,04098,04167,absorbed,1973-04-01
21479,04114,04155,absorbed,1973-04-01
21480,04117,04040,absorbed,1973-04-01
21481,04155,04155,code_reused,1973-04-01
21482,04165,04023,absorbed,1973-04-01
21483,04167,04167,code_reused,1973-04-01
21484,04213,04167,absorbed,1973-04-01
21485,04226,04226,code_reused,1973-04-01
21486,09036,09306,absorbed,1973-04-01
21487,09092,09306,absorbed,1973-04-01
21488,09306,09306,code_reused,1973-04-01
21489,14071,14527,absorbed,1973-04-01
21490,14333,14333,code_reused,1973-04-01
21491,14527,14527,code_reused,1973-04-01
21492,14725,14333,absorbed,1973-04-01
21493,21174,21461,absorbed,1973-04-01
21494,21461,21461,code_reused,1973-04-01
21495,22084,22084,code_reused,1973-04-01
21496,22125,22084,absorbed,1973-04-01
21497,22165,22296,absorbed,1973-04-01
21498,22204,22204,code_reused,1973-04-01
21499,22269,22204,absorbed,1973-04-01
21500,22296,22296,code_reused,1973-04-01
21501,22301,22084,absorbed,1973-04-01
21502,27024,27024,code_reused,1973-04-01
21503,27494,27024,absorbed,1973-04-01
21504,35043,35068,absorbed,1973-04-01
21505,35068,35068,code_reused,1973-04-01
21506,35298,35068,absorbed,1973-04-01
21507,50011,50142,absorbed,1973-04-01
21508,50142,50142,code_reused,1973-04-01
21509,50645,50142,absorbed,1973-04-01
21510,52026,52379,absorbed,1973-04-01
21511,52041,52400,absorbed,1973-04-01
21512,52094,52094,code_reused,1973-04-01
21513,52209,52377,absorbed,1973-04-01
21514,52261,52094,absorbed,1973-04-01
21515,52345,52094,absorbed,1973-04-01
21516,52377,52377,code_reused,1973-04-01
21517,52379,52379,code_reused,1973-04-01
21518,52400,52400,code_reused,1973-04-01
21519,52531,52094,absorbed,1973-04-01
21520,70209,70528,absorbed,1973-04-01
21521,70528,70528,code_reused,1973-04-01
21522,85046,85046,code_reused,1973-04-01
21523,85124,85046,absorbed,1973-04-01
21524,90026,90026,code_reused,1973-04-01
21525,90048,90026,absorbed,1973-04-01
21526,24074,24074,renamed,1973-03-21
21527,76386,76755,absorbed,1973-03-20
21528,76680,76755,absorbed,1973-03-20
21529,76689,76755,absorbed,1973-03-20
21530,76755,76755,code_reused,1973-03-20
21531,02242,02242,renamed,1973-03-16
21532,47067,47067,renamed,1973-03-16
21533,83014,83014,renamed,1973-03-16
21534,22103,22213,absorbed,1973-03-15
21535,22213,22213,code_reused,1973-03-15
21536,50053,50256,absorbed,1973-03-15
21537,50113,50256,absorbed,1973-03-15
21538,50256,50256,code_reused,1973-03-15
21539,50286,50256,absorbed,1973-03-15
21540,50306,50256,absorbed,1973-03-15
21541,50322,50256,absorbed,1973-03-15
21542,50344,50256,absorbed,1973-03-15
21543,50346,50256,absorbed,1973-03-15
21544,50367,50256,absorbed,1973-03-15
21545,50632,50256,absorbed,1973-03-15
21546,01267,01267,code_reused,1973-03-01
21547,01455,01267,absorbed,1973-03-01
21548,33290,33290,code_reused,1973-03-01
21549,33313,33290,absorbed,1973-03-01
21550,33378,33378,code_reused,1973-03-01
21551,33410,33290,absorbed,1973-03-01
21552,33455,33378,absorbed,1973-03-01
21553,39205,39205,code_reused,1973-03-01
21554,39258,39258,code_reused,1973-03-01
21555,39383,39205,absorbed,1973-03-01
21556,39459,39258,absorbed,1973-03-01
21557,55052,55551,absorbed,1973-03-01
21558,55136,55551,absorbed,1973-03-01
21559,55233,55551,absorbed,1973-03-01
21560,55234,55551,absorbed,1973-03-01
21561,55235,55500,absorbed,1973-03-01
21562,55249,55500,absorbed,1973-03-01
21563,55392,55500,absorbed,1973-03-01
21564,55418,55500,absorbed,1973-03-01
21565,55455,55551,absorbed,1973-03-01
21566,55500,55500,code_reused,1973-03-01
21567,55550,55551,absorbed,1973-03-01
21568,55551,55551,code_reused,1973-03-01
21569,57252,57252,code_reused,1973-03-01
21570,57270,57270,code_reused,1973-03-01
21571,57279,57252,absorbed,1973-03-01
21572,57363,57270,absorbed,1973-03-01
21573,66005,66005,code_reused,1973-03-01
21574,66099,66134,absorbed,1973-03-01
21575,66134,66134,code_reused,1973-03-01
21576,66161,66161,code_reused,1973-03-01
21577,66211,66134,absorbed,1973-03-01
21578,66219,66161,absorbed,1973-03-01
21579,66229,66005,absorbed,1973-03-01
21580,67061,67061,code_reused,1973-03-01
21581,67171,67061,absorbed,1973-03-01
21582,67219,67061,absorbed,1973-03-01
21583,67399,67061,absorbed,1973-03-01
21584,77189,77262,absorbed,1973-03-01
21585,77262,77262,code_reused,1973-03-01
21586,77503,77262,absorbed,1973-03-01
21587,79100,79100,code_reused,1973-03-01
21588,79304,79100,absorbed,1973-03-01
21589,50122,50444,absorbed,1973-02-15
21590,50444,50444,code_reused,1973-02-15
21591,50559,50444,absorbed,1973-02-15
21592,73006,73006,code_reused,1973-02-12
21593,73148,73006,absorbed,1973-02-12
21594,49016,49328,absorbed,1973-02-01
21595,49118,49328,absorbed,1973-02-01
21596,49166,49214,absorbed,1973-02-01
21597,49214,49214,code_reused,1973-02-01
21598,49287,49328,absorbed,1973-02-01
21599,49293,49328,absorbed,1973-02-01
21600,49328,49328,code_reused,1973-02-01
21601,50221,50463,absorbed,1973-02-01
21602,50463,50463,code_reused,1973-02-01
21603,52044,52044,code_reused,1973-02-01
21604,52058,52058,code_reused,1973-02-01
21605,52064,52064,code_reused,1973-02-01
21606,52073,52123,absorbed,1973-02-01
21607,52081,52426,absorbed,1973-02-01
21608,52123,52123,code_reused,1973-02-01
21609,52126,52126,code_reused,1973-02-01
21610,52166,52126,absorbed,1973-02-01
21611,52224,52064,absorbed,1973-02-01
21612,52246,52246,code_reused,1973-02-01
21613,52252,52246,absorbed,1973-02-01
21614,52309,52058,absorbed,1973-02-01
21615,52383,52383,code_reused,1973-02-01
21616,52426,52426,code_reused,1973-02-01
21617,52430,52044,absorbed,1973-02-01
21618,52434,52058,absorbed,1973-02-01
21619,52478,52123,absorbed,1973-02-01
21620,52521,52383,absorbed,1973-02-01
21621,55118,55119,absorbed,1973-02-01
21622,55119,55119,code_reused,1973-02-01
21623,64007,64252,absorbed,1973-02-01
21624,64252,64252,code_reused,1973-02-01
21625,67163,67163,code_reused,1973-02-01
21626,67406,67163,absorbed,1973-02-01
21627,79016,79016,code_reused,1973-02-01
21628,79143,79016,absorbed,1973-02-01
21629,86070,86070,code_reused,1973-02-01
21630,86199,86070,absorbed,1973-02-01
21631,01055,01283,absorbed,1973-01-01
21632,01079,01079,code_reused,1973-01-01
21633,01120,01262,absorbed,1973-01-01
21634,01131,01189,absorbed,1973-01-01
21635,01178,01240,absorbed,1973-01-01
21636,01184,01184,code_reused,1973-01-01
21637,01189,01189,code_reused,1973-01-01
21638,01217,01079,absorbed,1973-01-01
21639,01240,01240,code_reused,1973-01-01
21640,01262,01262,code_reused,1973-01-01
21641,01283,01283,code_reused,1973-01-01
21642,01287,01079,absorbed,1973-01-01
21643,01327,01184,absorbed,1973-01-01
21644,01440,01283,absorbed,1973-01-01
21645,02022,02022,code_reused,1973-01-01
21646,02113,02022,absorbed,1973-01-01
21647,05112,05123,absorbed,1973-01-01
21648,05123,05123,code_reused,1973-01-01
21649,08012,08437,absorbed,1973-01-01
21650,08050,08437,absorbed,1973-01-01
21651,08054,08319,absorbed,1973-01-01
21652,08068,08490,absorbed,1973-01-01
21653,08319,08319,code_reused,1973-01-01
21654,08359,08437,absorbed,1973-01-01
21655,08437,08437,code_reused,1973-01-01
21656,08490,08490,code_reused,1973-01-01
21657,09107,09107,code_reused,1973-01-01
21658,09112,09107,absorbed,1973-01-01
21659,09191,09107,absorbed,1973-01-01
21660,09248,09299,absorbed,1973-01-01
21661,09288,09107,absorbed,1973-01-01
21662,09299,09299,code_reused,1973-01-01
21663,10038,10054,absorbed,1973-01-01
21664,10043,10316,absorbed,1973-01-01
21665,10054,10054,code_reused,1973-01-01
21666,10084,10084,code_reused,1973-01-01
21667,10148,10148,code_reused,1973-01-01
21668,10152,10084,absorbed,1973-01-01
21669,10311,10148,absorbed,1973-01-01
21670,10316,10316,code_reused,1973-01-01
21671,10383,10054,absorbed,1973-01-01
21672,10385,10386,absorbed,1973-01-01
21673,10386,10386,code_reused,1973-01-01
21674,12056,12056,code_reused,1973-01-01
21675,12306,12056,absorbed,1973-01-01
21676,14010,14624,absorbed,1973-01-01
21677,14011,14011,code_reused,1973-01-01
21678,14017,14352,absorbed,1973-01-01
21679,14051,14231,absorbed,1973-01-01
21680,14067,14624,absorbed,1973-01-01
21681,14094,14268,absorbed,1973-01-01
21682,14108,14335,absorbed,1973-01-01
21683,14112,14266,absorbed,1973-01-01
21684,14126,14126,code_reused,1973-01-01
21685,14194,14194,code_reused,1973-01-01
21686,14199,14621,absorbed,1973-01-01
21687,14219,14219,code_reused,1973-01-01
21688,14228,14228,code_reused,1973-01-01
21689,14231,14231,code_reused,1973-01-01
21690,14233,14422,absorbed,1973-01-01
21691,14234,14624,absorbed,1973-01-01
21692,14247,14735,absorbed,1973-01-01
21693,14262,14629,absorbed,1973-01-01
21694,14263,14219,absorbed,1973-01-01
21695,14266,14266,code_reused,1973-01-01
21696,14267,14011,absorbed,1973-01-01
21697,14268,14268,code_reused,1973-01-01
21698,14295,14624,absorbed,1973-01-01
21699,14314,14624,absorbed,1973-01-01
21700,14315,14126,absorbed,1973-01-01
21701,14321,14735,absorbed,1973-01-01
21702,14323,14335,absorbed,1973-01-01
21703,14335,14335,code_reused,1973-01-01
21704,14351,14584,absorbed,1973-01-01
21705,14352,14352,code_reused,1973-01-01
21706,14363,14624,absorbed,1973-01-01
21707,14372,14372,code_reused,1973-01-01
21708,14422,14422,code_reused,1973-01-01
21709,14447,14624,absorbed,1973-01-01
21710,14472,14624,absorbed,1973-01-01
21711,14479,14011,absorbed,1973-01-01
21712,14490,14372,absorbed,1973-01-01
21713,14560,14231,absorbed,1973-01-01
21714,14561,14126,absorbed,1973-01-01
21715,14567,14422,absorbed,1973-01-01
21716,14584,14584,code_reused,1973-01-01
21717,14617,14422,absorbed,1973-01-01
21718,14621,14621,code_reused,1973-01-01
21719,14624,14624,code_reused,1973-01-01
21720,14629,14629,code_reused,1973-01-01
21721,14641,14126,absorbed,1973-01-01
21722,14642,14194,absorbed,1973-01-01
21723,14673,14011,absorbed,1973-01-01
21724,14683,14228,absorbed,1973-01-01
21725,14697,14624,absorbed,1973-01-01
21726,14735,14735,code_reused,1973-01-01
21727,15003,15003,code_reused,1973-01-01
21728,15023,15108,absorbed,1973-01-01
21729,15024,15003,absorbed,1973-01-01
21730,15062,15003,absorbed,1973-01-01
21731,15108,15108,code_reused,1973-01-01
21732,15109,15153,absorbed,1973-01-01
21733,15153,15153,code_reused,1973-01-01
21734,15177,15153,absorbed,1973-01-01
21735,15202,15202,code_reused,1973-01-01
21736,15210,15202,absorbed,1973-01-01
21737,15239,15153,absorbed,1973-01-01
21738,16006,16242,absorbed,1973-01-01
21739,16028,16028,code_reused,1973-01-01
21740,16029,16029,code_reused,1973-01-01
21741,16046,16046,code_reused,1973-01-01
21742,16063,16029,absorbed,1973-01-01
21743,16073,16073,code_reused,1973-01-01
21744,16097,16097,code_reused,1973-01-01
21745,16115,16115,code_reused,1973-01-01
21746,16193,16193,code_reused,1973-01-01
21747,16219,16242,absorbed,1973-01-01
21748,16235,16242,absorbed,1973-01-01
21749,16242,16242,code_reused,1973-01-01
21750,16265,16046,absorbed,1973-01-01
21751,16266,16242,absorbed,1973-01-01
21752,16278,16097,absorbed,1973-01-01
21753,16287,16287,code_reused,1973-01-01
21754,16299,16193,absorbed,1973-01-01
21755,16313,16287,absorbed,1973-01-01
21756,16319,16115,absorbed,1973-01-01
21757,16324,16242,absorbed,1973-01-01
21758,16327,16028,absorbed,1973-01-01
21759,16333,16073,absorbed,1973-01-01
21760,16367,16073,absorbed,1973-01-01
21761,17001,17397,absorbed,1973-01-01
21762,17024,17024,code_reused,1973-01-01
21763,17026,17026,code_reused,1973-01-01
21764,17043,17043,code_reused,1973-01-01
21765,17090,17240,absorbed,1973-01-01
21766,17123,17397,absorbed,1973-01-01
21767,17144,17026,absorbed,1973-01-01
21768,17240,17240,code_reused,1973-01-01
21769,17368,17043,absorbed,1973-01-01
21770,17397,17397,code_reused,1973-01-01
21771,17419,17024,absorbed,1973-01-01
21772,17456,17240,absorbed,1973-01-01
21773,17474,17474,code_reused,1973-01-01
21774,17475,17474,absorbed,1973-01-01
21775,19034,19034,code_reused,1973-01-01
21776,19197,19275,absorbed,1973-01-01
21777,19224,19034,absorbed,1973-01-01
21778,19275,19275,code_reused,1973-01-01
21779,20076,20167,absorbed,1973-01-01
21780,20167,20167,code_reused,1973-01-01
21781,22093,22093,code_reused,1973-01-01
21782,22118,22118,code_reused,1973-01-01
21783,22142,22093,absorbed,1973-01-01
21784,22179,22179,code_reused,1973-01-01
21785,22190,22190,code_reused,1973-01-01
21786,22201,22179,absorbed,1973-01-01
21787,22252,22093,absorbed,1973-01-01
21788,22270,22093,absorbed,1973-01-01
21789,22329,22118,absorbed,1973-01-01
21790,22355,22093,absorbed,1973-01-01
21791,22374,22118,absorbed,1973-01-01
21792,22382,22190,absorbed,1973-01-01
21793,24017,24303,absorbed,1973-01-01
21794,24035,24035,code_reused,1973-01-01
21795,24086,24086,code_reused,1973-01-01
21796,24112,24086,absorbed,1973-01-01
21797,24168,24168,code_reused,1973-01-01
21798,24172,24172,code_reused,1973-01-01
21799,24173,24168,absorbed,1973-01-01
21800,24185,24035,absorbed,1973-01-01
21801,24201,24260,absorbed,1973-01-01
21802,24250,24168,absorbed,1973-01-01
21803,24260,24260,code_reused,1973-01-01
21804,24275,24549,absorbed,1973-01-01
21805,24303,24303,code_reused,1973-01-01
21806,24342,24549,absorbed,1973-01-01
21807,24354,24354,code_reused,1973-01-01
21808,24356,24356,code_reused,1973-01-01
21809,24375,24450,absorbed,1973-01-01
21810,24387,24356,absorbed,1973-01-01
21811,24450,24450,code_reused,1973-01-01
21812,24467,24354,absorbed,1973-01-01
21813,24469,24354,absorbed,1973-01-01
21814,24539,24172,absorbed,1973-01-01
21815,24549,24549,code_reused,1973-01-01
21816,25015,25015,code_reused,1973-01-01
21817,25017,25015,absorbed,1973-01-01
21818,25018,25018,code_reused,1973-01-01
21819,25047,25047,code_reused,1973-01-01
21820,25051,25051,code_reused,1973-01-01
21821,25064,25433,absorbed,1973-01-01
21822,25068,25313,absorbed,1973-01-01
21823,25080,25486,absorbed,1973-01-01
21824,25081,25127,absorbed,1973-01-01
21825,25101,25101,code_reused,1973-01-01
21826,25118,25047,absorbed,1973-01-01
21827,25127,25127,code_reused,1973-01-01
21828,25146,25101,absorbed,1973-01-01
21829,25155,25015,absorbed,1973-01-01
21830,25158,25524,absorbed,1973-01-01
21831,25165,25101,absorbed,1973-01-01
21832,25172,25317,absorbed,1973-01-01
21833,25187,25187,code_reused,1973-01-01
21834,25206,25051,absorbed,1973-01-01
21835,25212,25212,code_reused,1973-01-01
21836,25236,25015,absorbed,1973-01-01
21837,25260,25392,absorbed,1973-01-01
21838,25272,25018,absorbed,1973-01-01
21839,25288,25288,code_reused,1973-01-01
21840,25291,25417,absorbed,1973-01-01
21841,25294,25320,absorbed,1973-01-01
21842,25313,25313,code_reused,1973-01-01
21843,25317,25317,code_reused,1973-01-01
21844,25320,25320,code_reused,1973-01-01
21845,25352,25288,absorbed,1973-01-01
21846,25353,25468,absorbed,1973-01-01
21847,25358,25537,absorbed,1973-01-01
21848,25359,25015,absorbed,1973-01-01
21849,25363,25187,absorbed,1973-01-01
21850,25392,25392,code_reused,1973-01-01
21851,25412,25519,absorbed,1973-01-01
21852,25414,25317,absorbed,1973-01-01
21853,25417,25417,code_reused,1973-01-01
21854,25433,25433,code_reused,1973-01-01
21855,25463,25463,code_reused,1973-01-01
21856,25468,25468,code_reused,1973-01-01
21857,25486,25486,code_reused,1973-01-01
21858,25519,25519,code_reused,1973-01-01
21859,25524,25524,code_reused,1973-01-01
21860,25537,25537,code_reused,1973-01-01
21861,25568,25018,absorbed,1973-01-01
21862,25581,25212,absorbed,1973-01-01
21863,25603,25463,absorbed,1973-01-01
21864,26044,26276,absorbed,1973-01-01
21865,26276,26276,code_reused,1973-01-01
21866,27153,27153,code_reused,1973-01-01
21867,27479,27153,absorbed,1973-01-01
21868,27533,27533,code_reused,1973-01-01
21869,27583,27533,absorbed,1973-01-01
21870,32011,32426,absorbed,1973-01-01
21871,32045,32045,code_reused,1973-01-01
21872,32179,32462,absorbed,1973-01-01
21873,32323,32045,absorbed,1973-01-01
21874,32426,32426,code_reused,1973-01-01
21875,32462,32462,code_reused,1973-01-01
21876,38142,38543,absorbed,1973-01-01
21877,38226,38226,code_reused,1973-01-01
21878,38251,38348,absorbed,1973-01-01
21879,38348,38348,code_reused,1973-01-01
21880,38385,38226,absorbed,1973-01-01
21881,38418,38466,absorbed,1973-01-01
21882,38466,38466,code_reused,1973-01-01
21883,38506,38541,absorbed,1973-01-01
21884,38541,38541,code_reused,1973-01-01
21885,38543,38543,code_reused,1973-01-01
21886,39010,39010,code_reused,1973-01-01
21887,39018,39018,code_reused,1973-01-01
21888,39049,39049,code_reused,1973-01-01
21889,39067,39049,absorbed,1973-01-01
21890,39082,39018,absorbed,1973-01-01
21891,39086,39086,code_reused,1973-01-01
21892,39098,39133,absorbed,1973-01-01
21893,39133,39133,code_reused,1973-01-01
21894,39181,39493,absorbed,1973-01-01
21895,39188,39188,code_reused,1973-01-01
21896,39209,39209,code_reused,1973-01-01
21897,39212,39331,absorbed,1973-01-01
21898,39231,39436,absorbed,1973-01-01
21899,39242,39331,absorbed,1973-01-01
21900,39259,39439,absorbed,1973-01-01
21901,39302,39302,code_reused,1973-01-01
21902,39316,39188,absorbed,1973-01-01
21903,39331,39331,code_reused,1973-01-01
21904,39358,39479,absorbed,1973-01-01
21905,39369,39010,absorbed,1973-01-01
21906,39374,39436,absorbed,1973-01-01
21907,39397,39397,code_reused,1973-01-01
21908,39410,39424,absorbed,1973-01-01
21909,39414,39302,absorbed,1973-01-01
21910,39424,39424,code_reused,1973-01-01
21911,39433,39209,absorbed,1973-01-01
21912,39436,39436,code_reused,1973-01-01
21913,39439,39439,code_reused,1973-01-01
21914,39465,39465,code_reused,1973-01-01
21915,39479,39479,code_reused,1973-01-01
21916,39493,39493,code_reused,1973-01-01
21917,39515,39397,absorbed,1973-01-01
21918,39517,39517,code_reused,1973-01-01
21919,39536,39517,absorbed,1973-01-01
21920,39578,39086,absorbed,1973-01-01
21921,39580,39049,absorbed,1973-01-01
21922,39584,39465,absorbed,1973-01-01
21923,41149,41149,code_reused,1973-01-01
21924,41227,41149,absorbed,1973-01-01
21925,42144,42147,absorbed,1973-01-01
21926,42147,42147,code_reused,1973-01-01
21927,42190,42218,absorbed,1973-01-01
21928,42218,42218,code_reused,1973-01-01
21929,42250,42279,absorbed,1973-01-01
21930,42279,42279,code_reused,1973-01-01
21931,43132,43132,code_reused,1973-01-01
21932,43161,43132,absorbed,1973-01-01
21933,43179,43132,absorbed,1973-01-01
21934,45003,45240,absorbed,1973-01-01
21935,45007,45155,absorbed,1973-01-01
21936,45025,45025,code_reused,1973-01-01
21937,45065,45065,code_reused,1973-01-01
21938,45118,45118,code_reused,1973-01-01
21939,45128,45065,absorbed,1973-01-01
21940,45140,45240,absorbed,1973-01-01
21941,45155,45155,code_reused,1973-01-01
21942,45160,45160,code_reused,1973-01-01
21943,45162,45162,code_reused,1973-01-01
21944,45163,45160,absorbed,1973-01-01
21945,45172,45025,absorbed,1973-01-01
21946,45240,45240,code_reused,1973-01-01
21947,45295,45240,absorbed,1973-01-01
21948,45304,45162,absorbed,1973-01-01
21949,45318,45240,absorbed,1973-01-01
21950,45319,45118,absorbed,1973-01-01
21951,47010,47010,code_reused,1973-01-01
21952,47095,47310,absorbed,1973-01-01
21953,47227,47010,absorbed,1973-01-01
21954,47310,47310,code_reused,1973-01-01
21955,48006,48012,absorbed,1973-01-01
21956,48011,48034,absorbed,1973-01-01
21957,48012,48012,code_reused,1973-01-01
21958,48024,48012,absorbed,1973-01-01
21959,48034,48034,code_reused,1973-01-01
21960,48035,48034,absorbed,1973-01-01
21961,48102,48034,absorbed,1973-01-01
21962,49078,49078,code_reused,1973-01-01
21963,49146,49281,absorbed,1973-01-01
21964,49168,49180,absorbed,1973-01-01
21965,49180,49180,code_reused,1973-01-01
21966,49275,49078,absorbed,1973-01-01
21967,49281,49281,code_reused,1973-01-01
21968,50017,50410,absorbed,1973-01-01
21969,50035,50528,absorbed,1973-01-01
21970,50042,50410,absorbed,1973-01-01
21971,50047,50188,absorbed,1973-01-01
21972,50063,50528,absorbed,1973-01-01
21973,50065,50410,absorbed,1973-01-01
21974,50066,50066,code_reused,1973-01-01
21975,50067,50531,absorbed,1973-01-01
21976,50097,50160,absorbed,1973-01-01
21977,50102,50066,absorbed,1973-01-01
21978,50141,50410,absorbed,1973-01-01
21979,50157,50410,absorbed,1973-01-01
21980,50160,50160,code_reused,1973-01-01
21981,50167,50167,code_reused,1973-01-01
21982,50170,50609,absorbed,1973-01-01
21983,50188,50188,code_reused,1973-01-01
21984,50197,50197,code_reused,1973-01-01
21985,50199,50167,absorbed,1973-01-01
21986,50201,50629,absorbed,1973-01-01
21987,50284,50630,absorbed,1973-01-01
21988,50307,50197,absorbed,1973-01-01
21989,50309,50188,absorbed,1973-01-01
21990,50314,50197,absorbed,1973-01-01
21991,50317,50531,absorbed,1973-01-01
21992,50331,50410,absorbed,1973-01-01
21993,50377,50590,absorbed,1973-01-01
21994,50392,50410,absorbed,1973-01-01
21995,50410,50410,code_reused,1973-01-01
21996,50415,50415,code_reused,1973-01-01
21997,50424,50456,absorbed,1973-01-01
21998,50439,50167,absorbed,1973-01-01
21999,50456,50456,code_reused,1973-01-01
22000,50466,50597,absorbed,1973-01-01
22001,50493,50493,code_reused,1973-01-01
22002,50496,50167,absorbed,1973-01-01
22003,50501,50493,absorbed,1973-01-01
22004,50514,50514,code_reused,1973-01-01
22005,50526,50066,absorbed,1973-01-01
22006,50528,50528,code_reused,1973-01-01
22007,50531,50531,code_reused,1973-01-01
22008,50532,50066,absorbed,1973-01-01
22009,50547,50514,absorbed,1973-01-01
22010,50548,50528,absorbed,1973-01-01
22011,50555,50415,absorbed,1973-01-01
22012,50561,50493,absorbed,1973-01-01
22013,50571,50609,absorbed,1973-01-01
22014,50590,50590,code_reused,1973-01-01
22015,50597,50597,code_reused,1973-01-01
22016,50609,50609,code_reused,1973-01-01
22017,50629,50629,code_reused,1973-01-01
22018,50630,50630,code_reused,1973-01-01
22019,51248,51248,code_reused,1973-01-01
22020,51335,51380,absorbed,1973-01-01
22021,51380,51380,code_reused,1973-01-01
22022,51405,51248,absorbed,1973-01-01
22023,52018,52140,absorbed,1973-01-01
22024,52049,52140,absorbed,1973-01-01
22025,52052,52140,absorbed,1973-01-01
22026,52096,52125,absorbed,1973-01-01
22027,52100,52140,absorbed,1973-01-01
22028,52125,52125,code_reused,1973-01-01
22029,52140,52140,code_reused,1973-01-01
22030,52226,52265,absorbed,1973-01-01
22031,52238,52140,absorbed,1973-01-01
22032,52251,52251,code_reused,1973-01-01
22033,52259,52251,absorbed,1973-01-01
22034,52265,52265,code_reused,1973-01-01
22035,52279,52140,absorbed,1973-01-01
22036,52311,52311,code_reused,1973-01-01
22037,52392,52311,absorbed,1973-01-01
22038,52404,52140,absorbed,1973-01-01
22039,52408,52265,absorbed,1973-01-01
22040,52460,52251,absorbed,1973-01-01
22041,53020,53127,absorbed,1973-01-01
22042,53060,53121,absorbed,1973-01-01
22043,53079,53079,code_reused,1973-01-01
22044,53121,53121,code_reused,1973-01-01
22045,53127,53127,code_reused,1973-01-01
22046,53149,53127,absorbed,1973-01-01
22047,53167,53262,absorbed,1973-01-01
22048,53186,53186,code_reused,1973-01-01
22049,53217,53186,absorbed,1973-01-01
22050,53262,53262,code_reused,1973-01-01
22051,53268,53079,absorbed,1973-01-01
22052,54133,54418,absorbed,1973-01-01
22053,54388,54418,absorbed,1973-01-01
22054,54418,54418,code_reused,1973-01-01
22055,54601,54418,absorbed,1973-01-01
22056,55003,55229,absorbed,1973-01-01
22057,55006,55040,absorbed,1973-01-01
22058,55012,55012,code_reused,1973-01-01
22059,55016,55184,absorbed,1973-01-01
22060,55020,55117,absorbed,1973-01-01
22061,55026,55026,code_reused,1973-01-01
22062,55033,55033,code_reused,1973-01-01
22063,55040,55040,code_reused,1973-01-01
22064,55044,55570,absorbed,1973-01-01
22065,55056,55385,absorbed,1973-01-01
22066,55068,55419,absorbed,1973-01-01
22067,55069,55069,code_reused,1973-01-01
22068,55074,55229,absorbed,1973-01-01
22069,55082,55419,absorbed,1973-01-01
22070,55086,55389,absorbed,1973-01-01
22071,55090,55366,absorbed,1973-01-01
22072,55091,55457,absorbed,1973-01-01
22073,55092,55093,absorbed,1973-01-01
22074,55093,55093,code_reused,1973-01-01
22075,55094,55094,code_reused,1973-01-01
22076,55098,55473,absorbed,1973-01-01
22077,55103,55033,absorbed,1973-01-01
22078,55112,55358,absorbed,1973-01-01
22079,55114,55114,code_reused,1973-01-01
22080,55117,55117,code_reused,1973-01-01
22081,55126,55258,absorbed,1973-01-01
22082,55131,55518,absorbed,1973-01-01
22083,55135,55341,absorbed,1973-01-01
22084,55138,55298,absorbed,1973-01-01
22085,55147,55094,absorbed,1973-01-01
22086,55148,55148,code_reused,1973-01-01
22087,55151,55274,absorbed,1973-01-01
22088,55152,55040,absorbed,1973-01-01
22089,55161,55179,absorbed,1973-01-01
22090,55176,55442,absorbed,1973-01-01
22091,55179,55179,code_reused,1973-01-01
22092,55183,55183,code_reused,1973-01-01
22093,55184,55184,code_reused,1973-01-01
22094,55186,55186,code_reused,1973-01-01
22095,55187,55341,absorbed,1973-01-01
22096,55190,55389,absorbed,1973-01-01
22097,55191,55191,code_reused,1973-01-01
22098,55205,55026,absorbed,1973-01-01
22099,55210,55570,absorbed,1973-01-01
22100,55213,55258,absorbed,1973-01-01
22101,55215,55215,code_reused,1973-01-01
22102,55216,55535,absorbed,1973-01-01
22103,55223,55267,absorbed,1973-01-01
22104,55229,55229,code_reused,1973-01-01
22105,55230,55571,absorbed,1973-01-01
22106,55238,55267,absorbed,1973-01-01
22107,55245,55245,code_reused,1973-01-01
22108,55254,55254,code_reused,1973-01-01
22109,55258,55258,code_reused,1973-01-01
22110,55267,55267,code_reused,1973-01-01
22111,55273,55245,absorbed,1973-01-01
22112,55274,55274,code_reused,1973-01-01
22113,55283,55274,absorbed,1973-01-01
22114,55286,55286,code_reused,1973-01-01
22115,55294,55012,absorbed,1973-01-01
22116,55295,55569,absorbed,1973-01-01
22117,55298,55298,code_reused,1973-01-01
22118,55308,55179,absorbed,1973-01-01
22119,55309,55215,absorbed,1973-01-01
22120,55314,55114,absorbed,1973-01-01
22121,55319,55012,absorbed,1973-01-01
22122,55341,55341,code_reused,1973-01-01
22123,55342,55254,absorbed,1973-01-01
22124,55358,55358,code_reused,1973-01-01
22125,55366,55366,code_reused,1973-01-01
22126,55367,55535,absorbed,1973-01-01
22127,55369,55369,code_reused,1973-01-01
22128,55385,55385,code_reused,1973-01-01
22129,55386,55245,absorbed,1973-01-01
22130,55389,55389,code_reused,1973-01-01
22131,55390,55358,absorbed,1973-01-01
22132,55393,55191,absorbed,1973-01-01
22133,55395,55286,absorbed,1973-01-01
22134,55409,55517,absorbed,1973-01-01
22135,55419,55419,code_reused,1973-01-01
22136,55423,55423,code_reused,1973-01-01
22137,55432,55254,absorbed,1973-01-01
22138,55440,55369,absorbed,1973-01-01
22139,55441,55148,absorbed,1973-01-01
22140,55442,55442,code_reused,1973-01-01
22141,55448,55570,absorbed,1973-01-01
22142,55451,55012,absorbed,1973-01-01
22143,55457,55457,code_reused,1973-01-01
22144,55472,55472,code_reused,1973-01-01
22145,55473,55473,code_reused,1973-01-01
22146,55478,55530,absorbed,1973-01-01
22147,55480,55517,absorbed,1973-01-01
22148,55482,55286,absorbed,1973-01-01
22149,55483,55530,absorbed,1973-01-01
22150,55486,55040,absorbed,1973-01-01
22151,55491,55423,absorbed,1973-01-01
22152,55499,55274,absorbed,1973-01-01
22153,55513,55215,absorbed,1973-01-01
22154,55517,55517,code_reused,1973-01-01
22155,55518,55518,code_reused,1973-01-01
22156,55525,55286,absorbed,1973-01-01
22157,55529,55366,absorbed,1973-01-01
22158,55530,55530,code_reused,1973-01-01
22159,55535,55535,code_reused,1973-01-01
22160,55538,55472,absorbed,1973-01-01
22161,55539,55472,absorbed,1973-01-01
22162,55542,55186,absorbed,1973-01-01
22163,55548,55184,absorbed,1973-01-01
22164,55555,55570,absorbed,1973-01-01
22165,55558,55184,absorbed,1973-01-01
22166,55560,55069,absorbed,1973-01-01
22167,55569,55569,code_reused,1973-01-01
22168,55570,55570,code_reused,1973-01-01
22169,55571,55571,code_reused,1973-01-01
22170,55576,55457,absorbed,1973-01-01
22171,55580,55183,absorbed,1973-01-01
22172,55585,55093,absorbed,1973-01-01
22173,57069,57460,absorbed,1973-01-01
22174,57097,57097,code_reused,1973-01-01
22175,57155,57155,code_reused,1973-01-01
22176,57285,57097,absorbed,1973-01-01
22177,57378,57155,absorbed,1973-01-01
22178,57460,57460,code_reused,1973-01-01
22179,57570,57460,absorbed,1973-01-01
22180,58086,58086,code_reused,1973-01-01
22181,58091,58086,absorbed,1973-01-01
22182,59287,59349,absorbed,1973-01-01
22183,59349,59349,code_reused,1973-01-01
22184,59561,59631,absorbed,1973-01-01
22185,59631,59631,code_reused,1973-01-01
22186,60202,60537,absorbed,1973-01-01
22187,60537,60537,code_reused,1973-01-01
22188,60607,60668,absorbed,1973-01-01
22189,60668,60668,code_reused,1973-01-01
22190,63103,63103,code_reused,1973-01-01
22191,63361,63103,absorbed,1973-01-01
22192,64031,64113,absorbed,1973-01-01
22193,64055,64064,absorbed,1973-01-01
22194,64064,64064,code_reused,1973-01-01
22195,64108,64461,absorbed,1973-01-01
22196,64113,64113,code_reused,1973-01-01
22197,64145,64417,absorbed,1973-01-01
22198,64148,64148,code_reused,1973-01-01
22199,64164,64148,absorbed,1973-01-01
22200,64168,64168,code_reused,1973-01-01
22201,64169,64168,absorbed,1973-01-01
22202,64179,64367,absorbed,1973-01-01
22203,64269,64269,code_reused,1973-01-01
22204,64329,64269,absorbed,1973-01-01
22205,64349,64367,absorbed,1973-01-01
22206,64367,64367,code_reused,1973-01-01
22207,64384,64148,absorbed,1973-01-01
22208,64402,64440,absorbed,1973-01-01
22209,64417,64417,code_reused,1973-01-01
22210,64430,64430,code_reused,1973-01-01
22211,64439,64269,absorbed,1973-01-01
22212,64440,64440,code_reused,1973-01-01
22213,64461,64461,code_reused,1973-01-01
22214,64462,64461,absorbed,1973-01-01
22215,64497,64430,absorbed,1973-01-01
22216,64518,64269,absorbed,1973-01-01
22217,64553,64113,absorbed,1973-01-01
22218,65032,65032,code_reused,1973-01-01
22219,65054,65054,code_reused,1973-01-01
22220,65099,65099,code_reused,1973-01-01
22221,65227,65099,absorbed,1973-01-01
22222,65246,65054,absorbed,1973-01-01
22223,65302,65032,absorbed,1973-01-01
22224,67064,67074,absorbed,1973-01-01
22225,67074,67074,code_reused,1973-01-01
22226,67160,67160,code_reused,1973-01-01
22227,67228,67228,code_reused,1973-01-01
22228,67294,67160,absorbed,1973-01-01
22229,67318,67228,absorbed,1973-01-01
22230,67530,67530,code_reused,1973-01-01
22231,67533,67530,absorbed,1973-01-01
22232,68003,68106,absorbed,1973-01-01
22233,68106,68106,code_reused,1973-01-01
22234,68145,68145,code_reused,1973-01-01
22235,68192,68192,code_reused,1973-01-01
22236,68346,68192,absorbed,1973-01-01
22237,68369,68145,absorbed,1973-01-01
22238,69079,69165,absorbed,1973-01-01
22239,69165,69165,code_reused,1973-01-01
22240,71351,71351,code_reused,1973-01-01
22241,71353,71543,absorbed,1973-01-01
22242,71418,71557,absorbed,1973-01-01
22243,71536,71351,absorbed,1973-01-01
22244,71543,71543,code_reused,1973-01-01
22245,71557,71557,code_reused,1973-01-01
22246,74006,74006,code_reused,1973-01-01
22247,74023,74006,absorbed,1973-01-01
22248,74028,74268,absorbed,1973-01-01
22249,74040,74040,code_reused,1973-01-01
22250,74125,74217,absorbed,1973-01-01
22251,74149,74040,absorbed,1973-01-01
22252,74166,74281,absorbed,1973-01-01
22253,74217,74217,code_reused,1973-01-01
22254,74268,74268,code_reused,1973-01-01
22255,74281,74281,code_reused,1973-01-01
22256,77010,77010,code_reused,1973-01-01
22257,77017,77211,absorbed,1973-01-01
22258,77020,77020,code_reused,1973-01-01
22259,77026,77026,code_reused,1973-01-01
22260,77093,77093,code_reused,1973-01-01
22261,77136,77352,absorbed,1973-01-01
22262,77175,77175,code_reused,1973-01-01
22263,77211,77211,code_reused,1973-01-01
22264,77213,77175,absorbed,1973-01-01
22265,77261,77261,code_reused,1973-01-01
22266,77264,77264,code_reused,1973-01-01
22267,77324,77093,absorbed,1973-01-01
22268,77334,77264,absorbed,1973-01-01
22269,77346,77264,absorbed,1973-01-01
22270,77351,77010,absorbed,1973-01-01
22271,77352,77352,code_reused,1973-01-01
22272,77375,77261,absorbed,1973-01-01
22273,77422,77026,absorbed,1973-01-01
22274,77502,77020,absorbed,1973-01-01
22275,78202,78246,absorbed,1973-01-01
22276,78246,78246,code_reused,1973-01-01
22277,79005,79005,code_reused,1973-01-01
22278,79014,79014,code_reused,1973-01-01
22279,79021,79090,absorbed,1973-01-01
22280,79026,79014,absorbed,1973-01-01
22281,79028,79049,absorbed,1973-01-01
22282,79031,79031,code_reused,1973-01-01
22283,79036,79196,absorbed,1973-01-01
22284,79038,79049,absorbed,1973-01-01
22285,79041,79005,absorbed,1973-01-01
22286,79047,79005,absorbed,1973-01-01
22287,79049,79049,code_reused,1973-01-01
22288,79052,79049,absorbed,1973-01-01
22289,79054,79196,absorbed,1973-01-01
22290,79056,79277,absorbed,1973-01-01
22291,79061,79061,code_reused,1973-01-01
22292,79063,79063,code_reused,1973-01-01
22293,79065,79049,absorbed,1973-01-01
22294,79066,79066,code_reused,1973-01-01
22295,79067,79066,absorbed,1973-01-01
22296,79073,79079,absorbed,1973-01-01
22297,79079,79079,code_reused,1973-01-01
22298,79090,79090,code_reused,1973-01-01
22299,79093,79049,absorbed,1973-01-01
22300,79097,79031,absorbed,1973-01-01
22301,79110,79264,absorbed,1973-01-01
22302,79122,79122,code_reused,1973-01-01
22303,79123,79123,code_reused,1973-01-01
22304,79133,79133,code_reused,1973-01-01
22305,79136,79136,code_reused,1973-01-01
22306,79137,79137,code_reused,1973-01-01
22307,79138,79137,absorbed,1973-01-01
22308,79151,79136,absorbed,1973-01-01
22309,79155,79079,absorbed,1973-01-01
22310,79169,79321,absorbed,1973-01-01
22311,79171,79171,code_reused,1973-01-01
22312,79181,79061,absorbed,1973-01-01
22313,79182,79123,absorbed,1973-01-01
22314,79186,79079,absorbed,1973-01-01
22315,79192,79049,absorbed,1973-01-01
22316,79193,79049,absorbed,1973-01-01
22317,79194,79196,absorbed,1973-01-01
22318,79196,79196,code_reused,1973-01-01
22319,79227,79031,absorbed,1973-01-01
22320,79228,79171,absorbed,1973-01-01
22321,79232,79123,absorbed,1973-01-01
22322,79233,79079,absorbed,1973-01-01
22323,79234,79133,absorbed,1973-01-01
22324,79235,79079,absorbed,1973-01-01
22325,79237,79079,absorbed,1973-01-01
22326,79245,79066,absorbed,1973-01-01
22327,79264,79264,code_reused,1973-01-01
22328,79272,79123,absorbed,1973-01-01
22329,79275,79122,absorbed,1973-01-01
22330,79277,79277,code_reused,1973-01-01
22331,79288,79063,absorbed,1973-01-01
22332,79296,79049,absorbed,1973-01-01
22333,79317,79005,absorbed,1973-01-01
22334,79321,79321,code_reused,1973-01-01
22335,79323,79079,absorbed,1973-01-01
22336,79324,79049,absorbed,1973-01-01
22337,79344,79061,absorbed,1973-01-01
22338,80222,80222,code_reused,1973-01-01
22339,80230,80230,code_reused,1973-01-01
22340,80276,80276,code_reused,1973-01-01
22341,80277,80276,absorbed,1973-01-01
22342,80289,80557,absorbed,1973-01-01
22343,80394,80703,absorbed,1973-01-01
22344,80506,80230,absorbed,1973-01-01
22345,80510,80222,absorbed,1973-01-01
22346,80557,80557,code_reused,1973-01-01
22347,80703,80703,code_reused,1973-01-01
22348,81057,81262,absorbed,1973-01-01
22349,81194,81245,absorbed,1973-01-01
22350,81245,81245,code_reused,1973-01-01
22351,81262,81262,code_reused,1973-01-01
22352,85020,85020,code_reused,1973-01-01
22353,85122,85020,absorbed,1973-01-01
22354,85203,85020,absorbed,1973-01-01
22355,86002,86160,absorbed,1973-01-01
22356,86073,86160,absorbed,1973-01-01
22357,86089,86160,absorbed,1973-01-01
22358,86101,86225,absorbed,1973-01-01
22359,86108,86108,code_reused,1973-01-01
22360,86120,86120,code_reused,1973-01-01
22361,86144,86160,absorbed,1973-01-01
22362,86150,86160,absorbed,1973-01-01
22363,86160,86160,code_reused,1973-01-01
22364,86161,86161,code_reused,1973-01-01
22365,86179,86108,absorbed,1973-01-01
22366,86185,86161,absorbed,1973-01-01
22367,86216,86161,absorbed,1973-01-01
22368,86225,86225,code_reused,1973-01-01
22369,86240,86120,absorbed,1973-01-01
22370,86277,86160,absorbed,1973-01-01
22371,86283,86108,absorbed,1973-01-01
22372,86299,86160,absorbed,1973-01-01
22373,87014,87014,code_reused,1973-01-01
22374,87102,87014,absorbed,1973-01-01
22375,87175,87180,absorbed,1973-01-01
22376,87180,87180,code_reused,1973-01-01
22377,88048,88351,absorbed,1973-01-01
22378,88067,88322,absorbed,1973-01-01
22379,88146,88146,code_reused,1973-01-01
22380,88207,88146,absorbed,1973-01-01
22381,88217,88351,absorbed,1973-01-01
22382,88322,88322,code_reused,1973-01-01
22383,88351,88351,code_reused,1973-01-01
22384,88405,88351,absorbed,1973-01-01
22385,88420,88322,absorbed,1973-01-01
22386,89002,89224,absorbed,1973-01-01
22387,89005,89005,code_reused,1973-01-01
22388,89010,89010,code_reused,1973-01-01
22389,89040,89233,absorbed,1973-01-01
22390,89047,89055,absorbed,1973-01-01
22391,89052,89439,absorbed,1973-01-01
22392,89055,89055,code_reused,1973-01-01
22393,89068,89068,code_reused,1973-01-01
22394,89073,89073,code_reused,1973-01-01
22395,89114,89407,absorbed,1973-01-01
22396,89135,89005,absorbed,1973-01-01
22397,89157,89233,absorbed,1973-01-01
22398,89166,89414,absorbed,1973-01-01
22399,89185,89068,absorbed,1973-01-01
22400,89224,89224,code_reused,1973-01-01
22401,89231,89073,absorbed,1973-01-01
22402,89233,89233,code_reused,1973-01-01
22403,89258,89068,absorbed,1973-01-01
22404,89259,89010,absorbed,1973-01-01
22405,89275,89275,code_reused,1973-01-01
22406,89288,89055,absorbed,1973-01-01
22407,89293,89420,absorbed,1973-01-01
22408,89305,89068,absorbed,1973-01-01
22409,89315,89341,absorbed,1973-01-01
22410,89322,89439,absorbed,1973-01-01
22411,89326,89387,absorbed,1973-01-01
22412,89340,89420,absorbed,1973-01-01
22413,89341,89341,code_reused,1973-01-01
22414,89357,89414,absorbed,1973-01-01
22415,89371,89010,absorbed,1973-01-01
22416,89372,89407,absorbed,1973-01-01
22417,89387,89387,code_reused,1973-01-01
22418,89407,89407,code_reused,1973-01-01
22419,89414,89414,code_reused,1973-01-01
22420,89420,89420,code_reused,1973-01-01
22421,89439,89439,code_reused,1973-01-01
22422,89457,89275,absorbed,1973-01-01
22423,90038,90082,absorbed,1973-01-01
22424,90082,90082,code_reused,1973-01-01
22425,21304,21304,code_reused,1972-12-31
22426,21433,21433,code_reused,1972-12-31
22427,21443,21433,absorbed,1972-12-31
22428,21453,21304,absorbed,1972-12-31
22429,21506,21506,code_reused,1972-12-31
22430,21509,21506,absorbed,1972-12-31
22431,21667,21667,code_reused,1972-12-31
22432,21668,21667,absorbed,1972-12-31
22433,21697,21433,absorbed,1972-12-31
22434,52068,52182,absorbed,1972-12-31
22435,52182,52182,code_reused,1972-12-31
22436,70025,70427,absorbed,1972-12-31
22437,70031,70031,code_reused,1972-12-31
22438,70033,70059,absorbed,1972-12-31
22439,70034,70101,absorbed,1972-12-31
22440,70045,70045,code_reused,1972-12-31
22441,70058,70058,code_reused,1972-12-31
22442,70059,70059,code_reused,1972-12-31
22443,70068,70373,absorbed,1972-12-31
22444,70101,70101,code_reused,1972-12-31
22445,70108,70285,absorbed,1972-12-31
22446,70110,70285,absorbed,1972-12-31
22447,70117,70117,code_reused,1972-12-31
22448,70122,70122,code_reused,1972-12-31
22449,70123,70122,absorbed,1972-12-31
22450,70131,70492,absorbed,1972-12-31
22451,70139,70283,absorbed,1972-12-31
22452,70161,70195,absorbed,1972-12-31
22453,70173,70477,absorbed,1972-12-31
22454,70191,70492,absorbed,1972-12-31
22455,70195,70195,code_reused,1972-12-31
22456,70197,70197,code_reused,1972-12-31
22457,70223,70031,absorbed,1972-12-31
22458,70241,70447,absorbed,1972-12-31
22459,70252,70252,code_reused,1972-12-31
22460,70270,70477,absorbed,1972-12-31
22461,70283,70283,code_reused,1972-12-31
22462,70285,70285,code_reused,1972-12-31
22463,70292,70292,code_reused,1972-12-31
22464,70300,70122,absorbed,1972-12-31
22465,70330,70117,absorbed,1972-12-31
22466,70333,70122,absorbed,1972-12-31
22467,70346,70487,absorbed,1972-12-31
22468,70354,70122,absorbed,1972-12-31
22469,70365,70252,absorbed,1972-12-31
22470,70370,70101,absorbed,1972-12-31
22471,70373,70373,code_reused,1972-12-31
22472,70377,70466,absorbed,1972-12-31
22473,70382,70122,absorbed,1972-12-31
22474,70391,70292,absorbed,1972-12-31
22475,70424,70197,absorbed,1972-12-31
22476,70427,70427,code_reused,1972-12-31
22477,70434,70058,absorbed,1972-12-31
22478,70447,70447,code_reused,1972-12-31
22479,70465,70373,absorbed,1972-12-31
22480,70466,70466,code_reused,1972-12-31
22481,70477,70477,code_reused,1972-12-31
22482,70487,70487,code_reused,1972-12-31
22483,70492,70492,code_reused,1972-12-31
22484,70495,70373,absorbed,1972-12-31
22485,70508,70197,absorbed,1972-12-31
22486,70570,70045,absorbed,1972-12-31
22487,28056,28056,code_reused,1972-12-29
22488,28307,28056,absorbed,1972-12-29
22489,28002,28002,code_reused,1972-12-28
22490,28244,28002,absorbed,1972-12-28
22491,52060,52060,code_reused,1972-12-28
22492,52215,52060,absorbed,1972-12-28
22493,52527,52060,absorbed,1972-12-28
22494,80581,80582,absorbed,1972-12-28
22495,80582,80582,code_reused,1972-12-28
22496,80689,80582,absorbed,1972-12-28
22497,80745,80582,absorbed,1972-12-28
22498,28279,28279,code_reused,1972-12-27
22499,28399,28279,absorbed,1972-12-27
22500,28043,28226,absorbed,1972-12-26
22501,28125,28226,absorbed,1972-12-26
22502,28226,28226,code_reused,1972-12-26
22503,28351,28226,absorbed,1972-12-26
22504,28120,28120,code_reused,1972-12-22
22505,28159,28159,code_reused,1972-12-22
22506,28228,28120,absorbed,1972-12-22
22507,28368,28159,absorbed,1972-12-22
22508,28373,28373,code_reused,1972-12-22
22509,28381,28373,absorbed,1972-12-22
22510,28413,28373,absorbed,1972-12-22
22511,28420,28120,absorbed,1972-12-22
22512,28238,28360,absorbed,1972-12-20
22513,28360,28360,code_reused,1972-12-20
22514,28183,28183,code_reused,1972-12-19
22515,28186,28183,absorbed,1972-12-19
22516,21408,21408,code_reused,1972-12-15
22517,21654,21408,absorbed,1972-12-15
22518,69274,69286,absorbed,1972-12-15
22519,69286,69286,code_reused,1972-12-15
22520,28034,28034,code_reused,1972-12-14
22521,28338,28034,absorbed,1972-12-14
22522,28168,28168,code_reused,1972-12-13
22523,28266,28168,absorbed,1972-12-13
22524,89118,89118,code_reused,1972-12-11
22525,89155,89118,absorbed,1972-12-11
22526,28011,28023,absorbed,1972-12-07
22527,28023,28023,code_reused,1972-12-07
22528,73006,73006,code_reused,1972-12-06
22529,73291,73006,absorbed,1972-12-06
22530,73325,73006,absorbed,1972-12-06
22531,01137,01426,absorbed,1972-12-01
22532,01426,01426,code_reused,1972-12-01
22533,14336,14336,code_reused,1972-12-01
22534,14376,14336,absorbed,1972-12-01
22535,15113,15113,code_reused,1972-12-01
22536,15140,15140,code_reused,1972-12-01
22537,15160,15140,absorbed,1972-12-01
22538,15193,15113,absorbed,1972-12-01
22539,19206,19261,absorbed,1972-12-01
22540,19261,19261,code_reused,1972-12-01
22541,28097,28393,absorbed,1972-12-01
22542,28138,28393,absorbed,1972-12-01
22543,28174,28386,absorbed,1972-12-01
22544,28181,28393,absorbed,1972-12-01
22545,28328,28393,absorbed,1972-12-01
22546,28384,28393,absorbed,1972-12-01
22547,28386,28386,code_reused,1972-12-01
22548,28393,28393,code_reused,1972-12-01
22549,52173,52173,code_reused,1972-12-01
22550,52263,52173,absorbed,1972-12-01
22551,52299,52456,absorbed,1972-12-01
22552,52359,52359,code_reused,1972-12-01
22553,52456,52456,code_reused,1972-12-01
22554,52495,52359,absorbed,1972-12-01
22555,62136,62137,absorbed,1972-12-01
22556,62137,62137,code_reused,1972-12-01
22557,62305,62834,absorbed,1972-12-01
22558,62417,62631,absorbed,1972-12-01
22559,62420,62683,absorbed,1972-12-01
22560,62631,62631,code_reused,1972-12-01
22561,62683,62683,code_reused,1972-12-01
22562,62834,62834,code_reused,1972-12-01
22563,89090,89283,absorbed,1972-12-01
22564,89220,89344,absorbed,1972-12-01
22565,89252,89283,absorbed,1972-12-01
22566,89254,89344,absorbed,1972-12-01
22567,89263,89263,code_reused,1972-12-01
22568,89283,89283,code_reused,1972-12-01
22569,89325,89344,absorbed,1972-12-01
22570,89344,89344,code_reused,1972-12-01
22571,89352,89344,absorbed,1972-12-01
22572,89389,89344,absorbed,1972-12-01
22573,89401,89263,absorbed,1972-12-01
22574,90042,90042,code_reused,1972-12-01
22575,90092,90042,absorbed,1972-12-01
22576,28048,28048,code_reused,1972-11-24
22577,28345,28048,absorbed,1972-11-24
22578,73172,73203,absorbed,1972-11-21
22579,73203,73203,code_reused,1972-11-21
22580,21158,21158,code_reused,1972-11-15
22581,21206,21158,absorbed,1972-11-15
22582,39087,39370,absorbed,1972-11-15
22583,39370,39370,code_reused,1972-11-15
22584,14312,14312,code_reused,1972-11-01
22585,14392,14312,absorbed,1972-11-01
22586,23085,23093,absorbed,1972-11-01
22587,23093,23093,code_reused,1972-11-01
22588,23094,23093,absorbed,1972-11-01
22589,47157,47157,code_reused,1972-11-01
22590,47163,47157,absorbed,1972-11-01
22591,52074,52074,code_reused,1972-11-01
22592,52086,52211,absorbed,1972-11-01
22593,52139,52074,absorbed,1972-11-01
22594,52154,52205,absorbed,1972-11-01
22595,52205,52205,code_reused,1972-11-01
22596,52211,52211,code_reused,1972-11-01
22597,52242,52242,code_reused,1972-11-01
22598,52274,52274,code_reused,1972-11-01
22599,52297,52205,absorbed,1972-11-01
22600,52324,52074,absorbed,1972-11-01
22601,52368,52274,absorbed,1972-11-01
22602,52435,52242,absorbed,1972-11-01
22603,67316,67388,absorbed,1972-11-01
22604,67388,67388,code_reused,1972-11-01
22605,80007,80436,absorbed,1972-11-01
22606,80363,80436,absorbed,1972-11-01
22607,80436,80436,code_reused,1972-11-01
22608,80739,80436,absorbed,1972-11-01
22609,07021,07207,absorbed,1972-10-01
22610,07207,07207,code_reused,1972-10-01
22611,14068,14068,code_reused,1972-10-01
22612,14072,14068,absorbed,1972-10-01
22613,14340,14515,absorbed,1972-10-01
22614,14515,14515,code_reused,1972-10-01
22615,27178,27693,absorbed,1972-10-01
22616,27693,27693,code_reused,1972-10-01
22617,48118,48146,absorbed,1972-10-01
22618,48146,48146,code_reused,1972-10-01
22619,52030,52156,absorbed,1972-10-01
22620,52050,52050,code_reused,1972-10-01
22621,52083,52083,code_reused,1972-10-01
22622,52143,52083,absorbed,1972-10-01
22623,52156,52156,code_reused,1972-10-01
22624,52257,52257,code_reused,1972-10-01
22625,52390,52257,absorbed,1972-10-01
22626,52412,52050,absorbed,1972-10-01
22627,52513,52257,absorbed,1972-10-01
22628,57175,57175,code_reused,1972-10-01
22629,57362,57175,absorbed,1972-10-01
22630,68018,68018,code_reused,1972-10-01
22631,68339,68018,absorbed,1972-10-01
22632,77092,77142,absorbed,1972-10-01
22633,77142,77142,code_reused,1972-10-01
22634,80013,80013,code_reused,1972-10-01
22635,80229,80229,code_reused,1972-10-01
22636,80245,80245,code_reused,1972-10-01
22637,80255,80013,absorbed,1972-10-01
22638,80406,80406,code_reused,1972-10-01
22639,80441,80406,absorbed,1972-10-01
22640,80492,80245,absorbed,1972-10-01
22641,80610,80623,absorbed,1972-10-01
22642,80623,80623,code_reused,1972-10-01
22643,80712,80229,absorbed,1972-10-01
22644,80817,80406,absorbed,1972-10-01
22645,85034,85034,code_reused,1972-10-01
22646,85275,85034,absorbed,1972-10-01
22647,89024,89024,code_reused,1972-10-01
22648,89435,89024,absorbed,1972-10-01
22649,90033,90033,code_reused,1972-10-01
22650,90056,90033,absorbed,1972-10-01
22651,90063,90033,absorbed,1972-10-01
22652,73010,73010,code_reused,1972-09-29
22653,73016,73010,absorbed,1972-09-29
22654,73013,73013,code_reused,1972-09-20
22655,73174,73013,absorbed,1972-09-20
22656,73035,73261,absorbed,1972-09-13
22657,73261,73261,code_reused,1972-09-13
22658,73295,73261,absorbed,1972-09-13
22659,14133,14431,absorbed,1972-09-01
22660,14431,14431,code_reused,1972-09-01
22661,15038,15038,code_reused,1972-09-01
22662,15115,15038,absorbed,1972-09-01
22663,23090,23090,code_reused,1972-09-01
22664,23153,23090,absorbed,1972-09-01
22665,23163,23220,absorbed,1972-09-01
22666,23220,23220,code_reused,1972-09-01
22667,43013,43013,code_reused,1972-09-01
22668,43266,43013,absorbed,1972-09-01
22669,45048,45253,absorbed,1972-09-01
22670,45253,45253,code_reused,1972-09-01
22671,47116,47302,absorbed,1972-09-01
22672,47166,47302,absorbed,1972-09-01
22673,47302,47302,code_reused,1972-09-01
22674,52010,52088,absorbed,1972-09-01
22675,52017,52017,code_reused,1972-09-01
22676,52022,52017,absorbed,1972-09-01
22677,52088,52088,code_reused,1972-09-01
22678,52144,52269,absorbed,1972-09-01
22679,52230,52230,code_reused,1972-09-01
22680,52236,52288,absorbed,1972-09-01
22681,52266,52427,absorbed,1972-09-01
22682,52268,52288,absorbed,1972-09-01
22683,52269,52269,code_reused,1972-09-01
22684,52288,52288,code_reused,1972-09-01
22685,52329,52388,absorbed,1972-09-01
22686,52384,52384,code_reused,1972-09-01
22687,52388,52388,code_reused,1972-09-01
22688,52389,52384,absorbed,1972-09-01
22689,52427,52427,code_reused,1972-09-01
22690,52441,52479,absorbed,1972-09-01
22691,52466,52088,absorbed,1972-09-01
22692,52479,52479,code_reused,1972-09-01
22693,52537,52230,absorbed,1972-09-01
22694,53044,53118,absorbed,1972-09-01
22695,53118,53118,code_reused,1972-09-01
22696,55276,55276,code_reused,1972-09-01
22697,55287,55276,absorbed,1972-09-01
22698,64076,64300,absorbed,1972-09-01
22699,64300,64300,code_reused,1972-09-01
22700,67263,67263,code_reused,1972-09-01
22701,67284,67263,absorbed,1972-09-01
22702,68220,68221,absorbed,1972-09-01
22703,68221,68221,code_reused,1972-09-01
22704,85003,85003,code_reused,1972-09-01
22705,85055,85003,absorbed,1972-09-01
22706,17060,17060,renamed,1972-08-07
22707,54110,54110,renamed,1972-08-07
22708,82051,82051,renamed,1972-08-07
22709,47033,47048,absorbed,1972-08-04
22710,47048,47048,code_reused,1972-08-04
22711,47223,47324,absorbed,1972-08-04
22712,47259,47048,absorbed,1972-08-04
22713,47324,47324,code_reused,1972-08-04
22714,47206,47206,code_reused,1972-08-03
22715,47268,47206,absorbed,1972-08-03
22716,26029,26136,absorbed,1972-08-01
22717,26136,26136,code_reused,1972-08-01
22718,26237,26136,absorbed,1972-08-01
22719,47058,47093,absorbed,1972-08-01
22720,47093,47093,code_reused,1972-08-01
22721,47112,47112,code_reused,1972-08-01
22722,47243,47112,absorbed,1972-08-01
22723,52032,52497,absorbed,1972-08-01
22724,52035,52035,code_reused,1972-08-01
22725,52042,52432,absorbed,1972-08-01
22726,52098,52431,absorbed,1972-08-01
22727,52103,52504,absorbed,1972-08-01
22728,52111,52432,absorbed,1972-08-01
22729,52124,52504,absorbed,1972-08-01
22730,52148,52450,absorbed,1972-08-01
22731,52188,52450,absorbed,1972-08-01
22732,52202,52497,absorbed,1972-08-01
22733,52223,52406,absorbed,1972-08-01
22734,52270,52432,absorbed,1972-08-01
22735,52285,52035,absorbed,1972-08-01
22736,52387,52529,absorbed,1972-08-01
22737,52394,52406,absorbed,1972-08-01
22738,52402,52529,absorbed,1972-08-01
22739,52406,52406,code_reused,1972-08-01
22740,52431,52431,code_reused,1972-08-01
22741,52432,52432,code_reused,1972-08-01
22742,52444,52444,code_reused,1972-08-01
22743,52450,52450,code_reused,1972-08-01
22744,52454,52529,absorbed,1972-08-01
22745,52467,52406,absorbed,1972-08-01
22746,52468,52444,absorbed,1972-08-01
22747,52493,52406,absorbed,1972-08-01
22748,52497,52497,code_reused,1972-08-01
22749,52498,52432,absorbed,1972-08-01
22750,52503,52406,absorbed,1972-08-01
22751,52504,52504,code_reused,1972-08-01
22752,52508,52544,absorbed,1972-08-01
22753,52529,52529,code_reused,1972-08-01
22754,52532,52497,absorbed,1972-08-01
22755,52544,52544,code_reused,1972-08-01
22756,52546,52406,absorbed,1972-08-01
22757,67042,67104,absorbed,1972-08-01
22758,67104,67104,code_reused,1972-08-01
22759,68053,68081,absorbed,1972-08-01
22760,68081,68081,code_reused,1972-08-01
22761,78187,78506,absorbed,1972-08-01
22762,78506,78506,code_reused,1972-08-01
22763,80257,80554,absorbed,1972-08-01
22764,80554,80554,code_reused,1972-08-01
22765,73003,73003,code_reused,1972-07-18
22766,73024,73003,absorbed,1972-07-18
22767,90068,90068,code_reused,1972-07-15
22768,90073,90068,absorbed,1972-07-15
22769,10289,10289,code_reused,1972-07-01
22770,10407,10289,absorbed,1972-07-01
22771,14114,14712,absorbed,1972-07-01
22772,14470,14610,absorbed,1972-07-01
22773,14610,14610,code_reused,1972-07-01
22774,14631,14762,absorbed,1972-07-01
22775,14712,14712,code_reused,1972-07-01
22776,14762,14762,code_reused,1972-07-01
22777,26109,26354,absorbed,1972-07-01
22778,26354,26354,code_reused,1972-07-01
22779,30037,30037,code_reused,1972-07-01
22780,30118,30037,absorbed,1972-07-01
22781,53181,53181,code_reused,1972-07-01
22782,53213,53181,absorbed,1972-07-01
22783,53238,53181,absorbed,1972-07-01
22784,55019,55388,absorbed,1972-07-01
22785,55123,55123,code_reused,1972-07-01
22786,55203,55123,absorbed,1972-07-01
22787,55231,55123,absorbed,1972-07-01
22788,55305,55123,absorbed,1972-07-01
22789,55318,55123,absorbed,1972-07-01
22790,55388,55388,code_reused,1972-07-01
22791,67251,67339,absorbed,1972-07-01
22792,67339,67339,code_reused,1972-07-01
22793,67390,67339,absorbed,1972-07-01
22794,67457,67339,absorbed,1972-07-01
22795,67532,67532,code_reused,1972-07-01
22796,67549,67532,absorbed,1972-07-01
22797,71260,71270,absorbed,1972-07-01
22798,71270,71270,code_reused,1972-07-01
22799,80084,80084,code_reused,1972-07-01
22800,80111,80443,absorbed,1972-07-01
22801,80382,80443,absorbed,1972-07-01
22802,80398,80456,absorbed,1972-07-01
22803,80443,80443,code_reused,1972-07-01
22804,80454,80456,absorbed,1972-07-01
22805,80456,80456,code_reused,1972-07-01
22806,80483,80443,absorbed,1972-07-01
22807,80539,80084,absorbed,1972-07-01
22808,80564,80456,absorbed,1972-07-01
22809,80612,80443,absorbed,1972-07-01
22810,80731,80443,absorbed,1972-07-01
22811,80768,80443,absorbed,1972-07-01
22812,85051,85051,code_reused,1972-07-01
22813,85263,85051,absorbed,1972-07-01
22814,89054,89054,code_reused,1972-07-01
22815,89121,89469,absorbed,1972-07-01
22816,89193,89469,absorbed,1972-07-01
22817,89301,89469,absorbed,1972-07-01
22818,89369,89054,absorbed,1972-07-01
22819,89396,89469,absorbed,1972-07-01
22820,89444,89469,absorbed,1972-07-01
22821,89469,89469,code_reused,1972-07-01
22822,89472,89472,code_reused,1972-07-01
22823,89476,89472,absorbed,1972-07-01
22824,90097,90097,code_reused,1972-07-01
22825,90106,90097,absorbed,1972-07-01
22826,73060,73187,absorbed,1972-06-30
22827,73102,73187,absorbed,1972-06-30
22828,73185,73187,absorbed,1972-06-30
22829,73187,73187,code_reused,1972-06-30
22830,73199,73187,absorbed,1972-06-30
22831,73209,73187,absorbed,1972-06-30
22832,52339,52469,absorbed,1972-06-27
22833,52469,52469,code_reused,1972-06-27
22834,52077,52197,absorbed,1972-06-22
22835,52112,52197,absorbed,1972-06-22
22836,52197,52197,code_reused,1972-06-22
22837,52178,52178,code_reused,1972-06-20
22838,52533,52178,absorbed,1972-06-20
22839,66087,66106,absorbed,1972-06-20
22840,66106,66106,code_reused,1972-06-20
22841,66163,66106,absorbed,1972-06-20
22842,85092,85092,code_reused,1972-06-15
22843,85253,85092,absorbed,1972-06-15
22844,52046,52187,absorbed,1972-06-09
22845,52187,52187,code_reused,1972-06-09
22846,52118,52118,code_reused,1972-06-08
22847,52477,52118,absorbed,1972-06-08
22848,11195,11195,code_reused,1972-06-07
22849,11234,11195,absorbed,1972-06-07
22850,52292,52292,code_reused,1972-06-06
22851,52381,52292,absorbed,1972-06-06
22852,52458,52526,absorbed,1972-06-06
22853,52526,52526,code_reused,1972-06-06
22854,39311,39504,absorbed,1972-06-03
22855,39357,39504,absorbed,1972-06-03
22856,39384,39504,absorbed,1972-06-03
22857,39504,39504,code_reused,1972-06-03
22858,17400,17400,renamed,1972-06-02
22859,22197,22197,renamed,1972-06-02
22860,33035,33035,renamed,1972-06-02
22861,39032,39032,renamed,1972-06-02
22862,44155,44155,renamed,1972-06-02
22863,46336,46336,renamed,1972-06-02
22864,48047,48047,renamed,1972-06-02
22865,52033,52332,absorbed,1972-06-02
22866,52186,52332,absorbed,1972-06-02
22867,52281,52332,absorbed,1972-06-02
22868,52317,52332,absorbed,1972-06-02
22869,52332,52332,code_reused,1972-06-02
22870,52410,52332,absorbed,1972-06-02
22871,52417,52332,absorbed,1972-06-02
22872,52418,52332,absorbed,1972-06-02
22873,52465,52332,absorbed,1972-06-02
22874,26280,26365,absorbed,1972-06-01
22875,26365,26365,code_reused,1972-06-01
22876,48141,48141,renamed,1972-06-01
22877,52009,52348,absorbed,1972-06-01
22878,52031,52031,code_reused,1972-06-01
22879,52037,52348,absorbed,1972-06-01
22880,52059,52348,absorbed,1972-06-01
22881,52105,52348,absorbed,1972-06-01
22882,52108,52348,absorbed,1972-06-01
22883,52113,52113,code_reused,1972-06-01
22884,52116,52348,absorbed,1972-06-01
22885,52145,52113,absorbed,1972-06-01
22886,52163,52348,absorbed,1972-06-01
22887,52170,52113,absorbed,1972-06-01
22888,52176,52353,absorbed,1972-06-01
22889,52191,52353,absorbed,1972-06-01
22890,52207,52348,absorbed,1972-06-01
22891,52278,52031,absorbed,1972-06-01
22892,52280,52348,absorbed,1972-06-01
22893,52348,52348,code_reused,1972-06-01
22894,52353,52353,code_reused,1972-06-01
22895,52361,52353,absorbed,1972-06-01
22896,52363,52348,absorbed,1972-06-01
22897,52397,52348,absorbed,1972-06-01
22898,52451,52031,absorbed,1972-06-01
22899,52501,52031,absorbed,1972-06-01
22900,55524,55573,absorbed,1972-06-01
22901,55573,55573,code_reused,1972-06-01
22902,86066,86066,code_reused,1972-06-01
22903,86267,86066,absorbed,1972-06-01
22904,52240,52374,absorbed,1972-05-18
22905,52335,52420,absorbed,1972-05-18
22906,52354,52374,absorbed,1972-05-18
22907,52374,52374,code_reused,1972-05-18
22908,52375,52374,absorbed,1972-05-18
22909,52420,52420,code_reused,1972-05-18
22910,52473,52420,absorbed,1972-05-18
22911,52523,52420,absorbed,1972-05-18
22912,52539,52374,absorbed,1972-05-18
22913,52242,52242,code_reused,1972-05-17
22914,52333,52242,absorbed,1972-05-17
22915,52496,52242,absorbed,1972-05-17
22916,52016,52439,absorbed,1972-05-15
22917,52117,52189,absorbed,1972-05-15
22918,52150,52189,absorbed,1972-05-15
22919,52189,52189,code_reused,1972-05-15
22920,52439,52439,code_reused,1972-05-15
22921,02308,02308,code_reused,1972-05-01
22922,02700,02308,absorbed,1972-05-01
22923,10019,10019,code_reused,1972-05-01
22924,10244,10019,absorbed,1972-05-01
22925,10413,10019,absorbed,1972-05-01
22926,52048,52194,absorbed,1972-05-01
22927,52094,52094,code_reused,1972-05-01
22928,52158,52158,code_reused,1972-05-01
22929,52177,52177,code_reused,1972-05-01
22930,52194,52194,code_reused,1972-05-01
22931,52382,52158,absorbed,1972-05-01
22932,52462,52177,absorbed,1972-05-01
22933,52530,52094,absorbed,1972-05-01
22934,64010,64010,code_reused,1972-05-01
22935,64163,64010,absorbed,1972-05-01
22936,67015,67452,absorbed,1972-05-01
22937,67243,67452,absorbed,1972-05-01
22938,67357,67485,absorbed,1972-05-01
22939,67452,67452,code_reused,1972-05-01
22940,67485,67485,code_reused,1972-05-01
22941,86155,86161,absorbed,1972-05-01
22942,86161,86161,code_reused,1972-05-01
22943,66130,66130,code_reused,1972-04-24
22944,66220,66130,absorbed,1972-04-24
22945,47134,47134,code_reused,1972-04-14
22946,47149,47221,absorbed,1972-04-14
22947,47221,47221,code_reused,1972-04-14
22948,47322,47134,absorbed,1972-04-14
22949,11128,11128,code_reused,1972-04-08
22950,11349,11128,absorbed,1972-04-08
22951,14463,14721,absorbed,1972-04-01
22952,14721,14721,code_reused,1972-04-01
22953,55035,55035,code_reused,1972-04-01
22954,55352,55035,absorbed,1972-04-01
22955,67034,67034,code_reused,1972-04-01
22956,67157,67034,absorbed,1972-04-01
22957,67393,67034,absorbed,1972-04-01
22958,67419,67034,absorbed,1972-04-01
22959,86033,86079,absorbed,1972-04-01
22960,86079,86079,code_reused,1972-04-01
22961,52114,52114,code_reused,1972-03-28
22962,52153,52114,absorbed,1972-03-28
22963,52192,52114,absorbed,1972-03-28
22964,52314,52114,absorbed,1972-03-28
22965,31144,31144,code_reused,1972-03-21
22966,31214,31144,absorbed,1972-03-21
22967,03199,03315,absorbed,1972-03-01
22968,03315,03315,code_reused,1972-03-01
22969,27129,27129,code_reused,1972-03-01
22970,27575,27129,absorbed,1972-03-01
22971,67376,67435,absorbed,1972-03-01
22972,67435,67435,code_reused,1972-03-01
22973,67561,67435,absorbed,1972-03-01
22974,79078,79078,code_reused,1972-03-01
22975,79221,79078,absorbed,1972-03-01
22976,86137,86137,code_reused,1972-03-01
22977,86212,86137,absorbed,1972-03-01
22978,77031,77031,code_reused,1972-02-14
22979,77499,77031,absorbed,1972-02-14
22980,14149,14149,code_reused,1972-01-01
22981,14482,14149,absorbed,1972-01-01
22982,20044,20063,absorbed,1972-01-01
22983,20063,20063,code_reused,1972-01-01
22984,20151,20167,absorbed,1972-01-01
22985,20167,20167,code_reused,1972-01-01
22986,22159,22282,absorbed,1972-01-01
22987,22282,22282,code_reused,1972-01-01
22988,27080,27416,absorbed,1972-01-01
22989,27186,27416,absorbed,1972-01-01
22990,27416,27416,code_reused,1972-01-01
22991,41021,41273,absorbed,1972-01-01
22992,41076,41273,absorbed,1972-01-01
22993,41162,41220,absorbed,1972-01-01
22994,41220,41220,code_reused,1972-01-01
22995,41273,41273,code_reused,1972-01-01
22996,53003,53003,code_reused,1972-01-01
22997,53070,53003,absorbed,1972-01-01
22998,53103,53103,code_reused,1972-01-01
22999,53111,53003,absorbed,1972-01-01
23000,53133,53133,code_reused,1972-01-01
23001,53160,53160,code_reused,1972-01-01
23002,53171,53133,absorbed,1972-01-01
23003,53183,53160,absorbed,1972-01-01
23004,53227,53103,absorbed,1972-01-01
23005,57306,57306,code_reused,1972-01-01
23006,57562,57306,absorbed,1972-01-01
23007,59183,59183,code_reused,1972-01-01
23008,59460,59183,absorbed,1972-01-01
23009,59510,59183,absorbed,1972-01-01
23010,64030,64396,absorbed,1972-01-01
23011,64248,64396,absorbed,1972-01-01
23012,64333,64396,absorbed,1972-01-01
23013,64396,64396,code_reused,1972-01-01
23014,66037,66037,code_reused,1972-01-01
23015,66127,66127,code_reused,1972-01-01
23016,66135,66127,absorbed,1972-01-01
23017,66186,66037,absorbed,1972-01-01
23018,71053,71490,absorbed,1972-01-01
23019,71270,71270,code_reused,1972-01-01
23020,71432,71270,absorbed,1972-01-01
23021,71490,71490,code_reused,1972-01-01
23022,71511,71270,absorbed,1972-01-01
23023,74251,74256,absorbed,1972-01-01
23024,74256,74256,code_reused,1972-01-01
23025,77064,77494,absorbed,1972-01-01
23026,77105,77335,absorbed,1972-01-01
23027,77335,77335,code_reused,1972-01-01
23028,77494,77494,code_reused,1972-01-01
23029,79191,79191,code_reused,1972-01-01
23030,79266,79191,absorbed,1972-01-01
23031,09289,09289,renamed,1971-08-12
23032,30346,30346,renamed,1971-08-12
23033,33146,33146,renamed,1971-08-12
23034,39149,39149,renamed,1971-08-12
23035,39378,39378,renamed,1971-08-12
23036,74013,74013,renamed,1971-08-12
23037,80630,80630,renamed,1971-08-12
23038,91408,91408,renamed,1971-08-12
23039,78403,78403,renamed,1971-07-17
23040,02140,02140,code_reused,1971-07-01
23041,02436,02140,absorbed,1971-07-01
23042,02603,02810,absorbed,1971-07-01
23043,02810,02810,code_reused,1971-07-01
23044,08194,08194,code_reused,1971-07-01
23045,08231,08194,absorbed,1971-07-01
23046,37163,37163,code_reused,1971-07-01
23047,37164,37163,absorbed,1971-07-01
23048,62687,62693,absorbed,1971-07-01
23049,62693,62693,code_reused,1971-07-01
23050,26120,26128,absorbed,1971-06-01
23051,26128,26128,code_reused,1971-06-01
23052,11353,11353,renamed,1971-05-17
23053,73003,73003,code_reused,1971-04-22
23054,73037,73003,absorbed,1971-04-22
23055,73125,73003,absorbed,1971-04-22
23056,73319,73003,absorbed,1971-04-22
23057,28196,28196,renamed,1971-04-08
23058,38119,69299,replaced,1971-04-01
23059,86005,86005,code_reused,1971-03-25
23060,86092,86092,code_reused,1971-03-25
23061,86215,86005,absorbed,1971-03-25
23062,86243,86092,absorbed,1971-03-25
23063,14385,14385,renamed,1971-03-24
23064,35249,35249,renamed,1971-03-24
23065,57556,57556,renamed,1971-03-24
23066,61337,61337,renamed,1971-03-24
23067,74019,74019,renamed,1971-03-24
23068,77243,77243,renamed,1971-03-24
23069,50576,50576,renamed,1971-03-17
23070,67323,67339,absorbed,1971-03-14
23071,67339,67339,code_reused,1971-03-14
23072,57306,57306,code_reused,1971-03-13
23073,57450,57306,absorbed,1971-03-13
23074,89082,89169,absorbed,1971-03-13
23075,89169,89169,code_reused,1971-03-13
23076,54010,54010,code_reused,1971-03-04
23077,54267,54010,absorbed,1971-03-04
23078,08002,08113,absorbed,1971-03-01
23079,08113,08113,code_reused,1971-03-01
23080,27025,27025,code_reused,1971-03-01
23081,27029,27025,absorbed,1971-03-01
23082,35069,35069,code_reused,1971-03-01
23083,35349,35069,absorbed,1971-03-01
23084,39209,39209,code_reused,1971-03-01
23085,39276,39209,absorbed,1971-03-01
23086,44156,44156,code_reused,1971-03-01
23087,44167,44156,absorbed,1971-03-01
23088,60374,60374,code_reused,1971-03-01
23089,60419,60374,absorbed,1971-03-01
23090,80233,80233,code_reused,1971-03-01
23091,80636,80233,absorbed,1971-03-01
23092,02008,02008,code_reused,1971-02-25
23093,02394,02008,absorbed,1971-02-25
23094,52334,52382,absorbed,1971-02-25
23095,52382,52382,code_reused,1971-02-25
23096,62706,62706,code_reused,1971-02-21
23097,62707,62706,absorbed,1971-02-21
23098,48074,48074,code_reused,1971-02-15
23099,48109,48074,absorbed,1971-02-15
23100,57240,57240,code_reused,1971-02-15
23101,57458,57240,absorbed,1971-02-15
23102,54059,54059,code_reused,1971-02-10
23103,54319,54059,absorbed,1971-02-10
23104,54347,54059,absorbed,1971-02-10
23105,54384,54059,absorbed,1971-02-10
23106,54503,54059,absorbed,1971-02-10
23107,40227,40227,code_reused,1971-02-01
23108,40241,40227,absorbed,1971-02-01
23109,54142,54142,code_reused,1971-02-01
23110,54411,54142,absorbed,1971-02-01
23111,54554,54142,absorbed,1971-02-01
23112,57465,57465,code_reused,1971-02-01
23113,57733,57465,absorbed,1971-02-01
23114,59122,59122,code_reused,1971-02-01
23115,59417,59122,absorbed,1971-02-01
23116,71049,71294,absorbed,1971-02-01
23117,71083,71193,absorbed,1971-02-01
23118,71193,71193,code_reused,1971-02-01
23119,71294,71294,code_reused,1971-02-01
23120,85223,85223,code_reused,1971-01-10
23121,85283,85223,absorbed,1971-01-10
23122,01018,01033,absorbed,1971-01-01
23123,01033,01033,code_reused,1971-01-01
23124,02045,02439,absorbed,1971-01-01
23125,02202,02220,absorbed,1971-01-01
23126,02220,02220,code_reused,1971-01-01
23127,02437,02757,absorbed,1971-01-01
23128,02439,02439,code_reused,1971-01-01
23129,02757,02757,code_reused,1971-01-01
23130,08024,08024,code_reused,1971-01-01
23131,08241,08024,absorbed,1971-01-01
23132,09059,09059,code_reused,1971-01-01
23133,09144,09059,absorbed,1971-01-01
23134,16080,16192,absorbed,1971-01-01
23135,16192,16192,code_reused,1971-01-01
23136,16198,16198,code_reused,1971-01-01
23137,16288,16192,absorbed,1971-01-01
23138,16407,16198,absorbed,1971-01-01
23139,24125,24167,absorbed,1971-01-01
23140,24167,24167,code_reused,1971-01-01
23141,24358,24167,absorbed,1971-01-01
23142,24506,24167,absorbed,1971-01-01
23143,27003,27003,code_reused,1971-01-01
23144,27461,27003,absorbed,1971-01-01
23145,29053,29053,code_reused,1971-01-01
23146,29121,29221,absorbed,1971-01-01
23147,29221,29221,code_reused,1971-01-01
23148,29242,29053,absorbed,1971-01-01
23149,45071,45332,absorbed,1971-01-01
23150,45332,45332,code_reused,1971-01-01
23151,47153,47246,absorbed,1971-01-01
23152,47246,47246,code_reused,1971-01-01
23153,51114,51269,absorbed,1971-01-01
23154,51269,51269,code_reused,1971-01-01
23155,57124,57124,code_reused,1971-01-01
23156,57223,57631,absorbed,1971-01-01
23157,57631,57631,code_reused,1971-01-01
23158,57646,57124,absorbed,1971-01-01
23159,57757,57757,code_reused,1971-01-01
23160,57758,57757,absorbed,1971-01-01
23161,62098,62427,absorbed,1971-01-01
23162,62159,62661,absorbed,1971-01-01
23163,62427,62427,code_reused,1971-01-01
23164,62456,62456,renamed,1971-01-01
23165,62661,62661,code_reused,1971-01-01
23166,73136,73303,absorbed,1971-01-01
23167,73251,73257,absorbed,1971-01-01
23168,73257,73257,code_reused,1971-01-01
23169,73303,73303,code_reused,1971-01-01
23170,79170,79170,code_reused,1971-01-01
23171,79206,79170,absorbed,1971-01-01
23172,80613,80613,renamed,1971-01-01
23173,80831,62909,replaced,1971-01-01
23174,89026,89345,absorbed,1971-01-01
23175,89345,89345,code_reused,1971-01-01
23176,05045,05045,renamed,1970-12-30
23177,51401,51454,absorbed,1970-12-30
23178,51454,51454,code_reused,1970-12-30
23179,06079,06079,renamed,1970-12-07
23180,11215,11215,renamed,1970-12-07
23181,11255,11255,renamed,1970-12-07
23182,11390,11390,renamed,1970-12-07
23183,17058,17058,renamed,1970-12-07
23184,22103,22103,renamed,1970-12-07
23185,27415,27415,renamed,1970-12-07
23186,38115,38115,renamed,1970-12-07
23187,40237,40237,renamed,1970-12-07
23188,41196,41196,renamed,1970-12-07
23189,42016,42016,renamed,1970-12-07
23190,55545,55545,renamed,1970-12-07
23191,66109,66109,renamed,1970-12-07
23192,71003,71003,renamed,1970-12-07
23193,73071,73071,renamed,1970-12-07
23194,73083,73083,renamed,1970-12-07
23195,73150,73150,renamed,1970-12-07
23196,77308,77308,renamed,1970-12-07
23197,81235,81235,renamed,1970-12-07
23198,76061,76344,absorbed,1970-11-29
23199,76344,76344,code_reused,1970-11-29
23200,26132,26199,absorbed,1970-11-01
23201,26199,26199,code_reused,1970-11-01
23202,76475,76475,code_reused,1970-10-31
23203,76633,76475,absorbed,1970-10-31
23204,51244,51244,code_reused,1970-10-16
23205,51257,51244,absorbed,1970-10-16
23206,70309,70309,code_reused,1970-10-02
23207,70543,70309,absorbed,1970-10-02
23208,83024,83124,absorbed,1970-08-10
23209,83124,83124,code_reused,1970-08-10
23210,22010,22266,absorbed,1970-07-08
23211,22266,22266,code_reused,1970-07-08
23212,57243,57672,absorbed,1970-07-01
23213,57369,57672,absorbed,1970-07-01
23214,57522,57672,absorbed,1970-07-01
23215,57672,57672,code_reused,1970-07-01
23216,46173,46173,renamed,1970-05-29
23217,21188,21464,absorbed,1970-05-01
23218,21464,21464,code_reused,1970-05-01
23219,02818,02818,renamed,1970-04-13
23220,27204,27204,renamed,1970-04-13
23221,58172,58172,renamed,1970-04-13
23222,59009,59009,code_reused,1970-03-25
23223,59020,59009,absorbed,1970-03-25
23224,59235,59009,absorbed,1970-03-25
23225,70379,70525,absorbed,1970-01-28
23226,70525,70525,code_reused,1970-01-28
23227,08091,08469,absorbed,1970-01-01
23228,08469,08469,code_reused,1970-01-01
23229,10001,10289,absorbed,1970-01-01
23230,10208,10208,code_reused,1970-01-01
23231,10289,10289,code_reused,1970-01-01
23232,10292,10208,absorbed,1970-01-01
23233,42218,42218,code_reused,1970-01-01
23234,42309,42218,absorbed,1970-01-01
23235,57306,57306,code_reused,1970-01-01
23236,57766,57306,absorbed,1970-01-01
23237,59183,59183,code_reused,1970-01-01
23238,59373,59183,absorbed,1970-01-01
23239,73009,73173,absorbed,1970-01-01
23240,73173,73173,code_reused,1970-01-01
23241,25135,25138,absorbed,1969-12-01
23242,25138,25138,code_reused,1969-12-01
23243,25169,25138,absorbed,1969-12-01
23244,25423,25138,absorbed,1969-12-01
23245,91143,78143,replaced,1969-11-29
23246,91620,78620,replaced,1969-11-29
23247,42218,42218,code_reused,1969-10-18
23248,42292,42218,absorbed,1969-10-18
23249,14181,14181,renamed,1969-09-05
23250,16209,16209,renamed,1969-09-05
23251,19057,19057,renamed,1969-09-05
23252,20248,20248,renamed,1969-09-05
23253,30123,30123,renamed,1969-09-05
23254,33224,33224,renamed,1969-09-05
23255,43084,43084,renamed,1969-09-05
23256,58303,58303,renamed,1969-09-05
23257,59080,59080,renamed,1969-09-05
23258,70539,70539,renamed,1969-09-05
23259,70579,70579,renamed,1969-09-05
23260,73235,73235,renamed,1969-09-05
23261,76029,76029,renamed,1969-09-05
23262,91463,91463,renamed,1969-09-05
23263,09223,09223,code_reused,1969-07-15
23264,09333,09223,absorbed,1969-07-15
23265,86168,86233,absorbed,1969-07-10
23266,86233,86233,code_reused,1969-07-10
23267,86251,86233,absorbed,1969-07-10
23268,51648,51648,code_reused,1969-07-01
23269,51653,51648,absorbed,1969-07-01
23270,27443,27528,absorbed,1969-04-15
23271,27528,27528,code_reused,1969-04-15
23272,97301,97301,code_reused,1969-03-27
23273,97306,97306,code_reused,1969-03-27
23274,97308,97308,renamed,1969-03-27
23275,97309,97309,renamed,1969-03-27
23276,97310,97310,code_reused,1969-03-27
23277,97313,97313,renamed,1969-03-27
23278,97351,97301,absorbed,1969-03-27
23279,97352,97352,code_reused,1969-03-27
23280,97354,97352,absorbed,1969-03-27
23281,97355,97306,absorbed,1969-03-27
23282,97356,97356,renamed,1969-03-27
23283,97357,97357,renamed,1969-03-27
23284,97358,97358,renamed,1969-03-27
23285,97359,97310,absorbed,1969-03-27
23286,57672,57672,code_reused,1969-03-05
23287,57729,57672,absorbed,1969-03-05
23288,14370,14370,code_reused,1969-01-23
23289,14434,14370,absorbed,1969-01-23
23290,77074,77223,absorbed,1969-01-23
23291,77223,77223,code_reused,1969-01-23
23292,85094,85094,code_reused,1969-01-23
23293,85170,85094,absorbed,1969-01-23
23294,27524,27524,renamed,1969-01-06
23295,28361,28361,renamed,1969-01-06
23296,56090,56090,renamed,1969-01-06
23297,69118,69118,renamed,1969-01-06
23298,77133,77133,renamed,1969-01-06
23299,02092,02093,absorbed,1969-01-01
23300,02093,02093,code_reused,1969-01-01
23301,05051,05051,code_reused,1969-01-01
23302,05137,05051,absorbed,1969-01-01
23303,30058,30058,code_reused,1969-01-01
23304,30063,30058,absorbed,1969-01-01
23305,50091,50256,absorbed,1969-01-01
23306,50256,50256,code_reused,1969-01-01
23307,51217,51217,code_reused,1969-01-01
23308,51277,51277,code_reused,1969-01-01
23309,51408,51277,absorbed,1969-01-01
23310,51541,51217,absorbed,1969-01-01
23311,52128,52128,code_reused,1969-01-01
23312,52343,52128,absorbed,1969-01-01
23313,52413,52413,code_reused,1969-01-01
23314,52485,52413,absorbed,1969-01-01
23315,54128,54128,code_reused,1969-01-01
23316,54361,54128,absorbed,1969-01-01
23317,62287,62552,absorbed,1969-01-01
23318,62552,62552,code_reused,1969-01-01
23319,71569,71584,absorbed,1969-01-01
23320,71584,71584,code_reused,1969-01-01
23321,79191,79191,code_reused,1969-01-01
23322,79248,79191,absorbed,1969-01-01
23323,80617,80617,code_reused,1969-01-01
23324,80653,80617,absorbed,1969-01-01
23325,25069,25527,absorbed,1968-09-18
23326,25527,25527,code_reused,1968-09-18
23327,08203,08203,code_reused,1968-03-02
23328,08227,08203,absorbed,1968-03-02
23329,08227,08454,absorbed,1968-03-02
23330,08454,08454,code_reused,1968-03-02
23331,07095,07095,renamed,1968-02-15
23332,13058,13058,renamed,1968-02-15
23333,17140,17140,renamed,1968-02-15
23334,21717,21717,renamed,1968-02-15
23335,23165,23165,renamed,1968-02-15
23336,33187,33187,renamed,1968-02-15
23337,38328,38328,renamed,1968-02-15
23338,39041,39041,renamed,1968-02-15
23339,42134,42134,renamed,1968-02-15
23340,47033,47033,renamed,1968-02-15
23341,61007,61007,renamed,1968-02-15
23342,66175,66175,renamed,1968-02-15
23343,71190,71190,renamed,1968-02-15
23344,82096,82096,renamed,1968-02-15
23345,83019,83019,renamed,1968-02-15
23346,88266,88266,renamed,1968-02-15
23347,92004,92004,renamed,1968-02-15
23348,49203,49215,absorbed,1968-01-01
23349,49215,49215,code_reused,1968-01-01
23350,51123,51269,absorbed,1968-01-01
23351,51264,51264,code_reused,1968-01-01
23352,51269,51269,code_reused,1968-01-01
23353,51540,51264,absorbed,1968-01-01
23354,75001,94002,replaced,1968-01-01
23355,75002,92002,replaced,1968-01-01
23356,75003,94003,replaced,1968-01-01
23357,75004,92004,replaced,1968-01-01
23358,75005,93001,replaced,1968-01-01
23359,75006,93006,replaced,1968-01-01
23360,75007,92007,replaced,1968-01-01
23361,75008,93008,replaced,1968-01-01
23362,75009,92009,replaced,1968-01-01
23363,75010,93010,replaced,1968-01-01
23364,75011,94011,replaced,1968-01-01
23365,75012,92012,replaced,1968-01-01
23366,75013,93013,replaced,1968-01-01
23367,75014,92014,replaced,1968-01-01
23368,75015,94015,replaced,1968-01-01
23369,75016,94016,replaced,1968-01-01
23370,75017,94017,replaced,1968-01-01
23371,75018,94018,replaced,1968-01-01
23372,75019,92019,replaced,1968-01-01
23373,75020,92020,replaced,1968-01-01
23374,75021,94021,replaced,1968-01-01
23375,75022,94022,replaced,1968-01-01
23376,75023,92023,replaced,1968-01-01
23377,75024,92024,replaced,1968-01-01
23378,75025,92025,replaced,1968-01-01
23379,75026,92026,replaced,1968-01-01
23380,75027,93027,replaced,1968-01-01
23381,75028,94028,replaced,1968-01-01
23382,75029,93029,replaced,1968-01-01
23383,75030,93030,replaced,1968-01-01
23384,75031,93031,replaced,1968-01-01
23385,75032,92032,replaced,1968-01-01
23386,75033,94033,replaced,1968-01-01
23387,75034,94034,replaced,1968-01-01
23388,75035,92035,replaced,1968-01-01
23389,75036,92036,replaced,1968-01-01
23390,75037,94037,replaced,1968-01-01
23391,75038,94038,replaced,1968-01-01
23392,75039,93039,replaced,1968-01-01
23393,75040,92040,replaced,1968-01-01
23394,75041,94041,replaced,1968-01-01
23395,75042,94042,replaced,1968-01-01
23396,75043,94043,replaced,1968-01-01
23397,75044,92044,replaced,1968-01-01
23398,75045,93045,replaced,1968-01-01
23399,75046,94046,replaced,1968-01-01
23400,75047,92046,replaced,1968-01-01
23401,75048,93048,replaced,1968-01-01
23402,75049,92049,replaced,1968-01-01
23403,75050,92050,replaced,1968-01-01
23404,75051,92051,replaced,1968-01-01
23405,75052,94052,replaced,1968-01-01
23406,75053,93053,replaced,1968-01-01
23407,75054,94054,replaced,1968-01-01
23408,75055,93055,replaced,1968-01-01
23409,75057,93057,replaced,1968-01-01
23410,75058,94058,replaced,1968-01-01
23411,75059,93059,replaced,1968-01-01
23412,75060,92060,replaced,1968-01-01
23413,75061,93061,replaced,1968-01-01
23414,75062,92062,replaced,1968-01-01
23415,75063,93063,replaced,1968-01-01
23416,75064,93064,replaced,1968-01-01
23417,75065,94065,replaced,1968-01-01
23418,75066,93066,replaced,1968-01-01
23419,75067,94067,replaced,1968-01-01
23420,75068,94068,replaced,1968-01-01
23421,75069,94069,replaced,1968-01-01
23422,75070,93070,replaced,1968-01-01
23423,75071,92071,replaced,1968-01-01
23424,75072,93072,replaced,1968-01-01
23425,75073,92073,replaced,1968-01-01
23426,75074,94073,replaced,1968-01-01
23427,75075,92075,replaced,1968-01-01
23428,75076,94076,replaced,1968-01-01
23429,75077,93077,replaced,1968-01-01
23430,75078,92078,replaced,1968-01-01
23431,75079,93079,replaced,1968-01-01
23432,75080,94080,replaced,1968-01-01
23433,75081,94081,replaced,1968-01-01
23434,78001,91001,replaced,1968-01-01
23435,78002,95002,replaced,1968-01-01
23436,78004,94001,replaced,1968-01-01
23437,78008,95008,replaced,1968-01-01
23438,78011,95011,replaced,1968-01-01
23439,78012,95012,replaced,1968-01-01
23440,78014,95014,replaced,1968-01-01
23441,78016,91016,replaced,1968-01-01
23442,78017,91017,replaced,1968-01-01
23443,78018,95018,replaced,1968-01-01
23444,78019,95019,replaced,1968-01-01
23445,78021,91021,replaced,1968-01-01
23446,78022,91022,replaced,1968-01-01
23447,78023,95023,replaced,1968-01-01
23448,78024,95024,replaced,1968-01-01
23449,78026,95026,replaced,1968-01-01
23450,78027,91027,replaced,1968-01-01
23451,78028,95028,replaced,1968-01-01
23452,78032,93005,replaced,1968-01-01
23453,78035,91035,replaced,1968-01-01
23454,78037,91037,replaced,1968-01-01
23455,78038,91038,replaced,1968-01-01
23456,78039,95039,replaced,1968-01-01
23457,78040,95040,replaced,1968-01-01
23458,78041,91041,replaced,1968-01-01
23459,78042,95042,replaced,1968-01-01
23460,78044,91044,replaced,1968-01-01
23461,78045,91045,replaced,1968-01-01
23462,78046,95046,replaced,1968-01-01
23463,78047,91047,replaced,1968-01-01
23464,78051,95051,replaced,1968-01-01
23465,78052,95052,replaced,1968-01-01
23466,78054,95054,replaced,1968-01-01
23467,78055,95055,replaced,1968-01-01
23468,78056,95056,replaced,1968-01-01
23469,78058,95058,replaced,1968-01-01
23470,78059,95059,replaced,1968-01-01
23471,78060,95060,replaced,1968-01-01
23472,78061,95061,replaced,1968-01-01
23473,78063,95063,replaced,1968-01-01
23474,78064,91064,replaced,1968-01-01
23475,78066,93007,replaced,1968-01-01
23476,78067,91067,replaced,1968-01-01
23477,78069,91069,replaced,1968-01-01
23478,78074,95074,replaced,1968-01-01
23479,78075,91075,replaced,1968-01-01
23480,78078,95078,replaced,1968-01-01
23481,78079,91079,replaced,1968-01-01
23482,78080,91080,replaced,1968-01-01
23483,78081,91081,replaced,1968-01-01
23484,78083,94004,replaced,1968-01-01
23485,78085,91085,replaced,1968-01-01
23486,78086,91086,replaced,1968-01-01
23487,78088,95088,replaced,1968-01-01
23488,78091,95091,replaced,1968-01-01
23489,78093,91093,replaced,1968-01-01
23490,78094,95094,replaced,1968-01-01
23491,78095,91095,replaced,1968-01-01
23492,78097,91097,replaced,1968-01-01
23493,78098,91098,replaced,1968-01-01
23494,78099,91099,replaced,1968-01-01
23495,78100,91100,replaced,1968-01-01
23496,78101,95101,replaced,1968-01-01
23497,78102,95102,replaced,1968-01-01
23498,78103,91103,replaced,1968-01-01
23499,78105,91105,replaced,1968-01-01
23500,78106,91106,replaced,1968-01-01
23501,78109,91109,replaced,1968-01-01
23502,78110,95110,replaced,1968-01-01
23503,78111,91111,replaced,1968-01-01
23504,78112,91112,replaced,1968-01-01
23505,78114,91114,replaced,1968-01-01
23506,78115,91115,replaced,1968-01-01
23507,78116,95116,replaced,1968-01-01
23508,78119,95119,replaced,1968-01-01
23509,78121,91121,replaced,1968-01-01
23510,78122,91122,replaced,1968-01-01
23511,78127,95127,replaced,1968-01-01
23512,78129,91129,replaced,1968-01-01
23513,78130,91130,replaced,1968-01-01
23514,78131,91131,replaced,1968-01-01
23515,78132,91132,replaced,1968-01-01
23516,78134,95134,replaced,1968-01-01
23517,78135,91135,replaced,1968-01-01
23518,78136,91136,replaced,1968-01-01
23519,78137,91137,replaced,1968-01-01
23520,78139,95139,replaced,1968-01-01
23521,78141,95141,replaced,1968-01-01
23522,78142,95142,replaced,1968-01-01
23523,78143,91143,replaced,1968-01-01
23524,78144,95144,replaced,1968-01-01
23525,78145,91145,replaced,1968-01-01
23526,78148,91148,replaced,1968-01-01
23527,78149,95149,replaced,1968-01-01
23528,78150,95150,replaced,1968-01-01
23529,78151,95151,replaced,1968-01-01
23530,78153,92022,replaced,1968-01-01
23531,78154,95154,replaced,1968-01-01
23532,78155,94019,replaced,1968-01-01
23533,78156,91156,replaced,1968-01-01
23534,78157,95157,replaced,1968-01-01
23535,78159,91159,replaced,1968-01-01
23536,78161,91161,replaced,1968-01-01
23537,78166,95166,replaced,1968-01-01
23538,78167,93014,replaced,1968-01-01
23539,78169,95169,replaced,1968-01-01
23540,78170,95170,replaced,1968-01-01
23541,78173,91173,replaced,1968-01-01
23542,78174,91174,replaced,1968-01-01
23543,78175,91175,replaced,1968-01-01
23544,78176,95176,replaced,1968-01-01
23545,78177,95177,replaced,1968-01-01
23546,78178,93015,replaced,1968-01-01
23547,78179,91179,replaced,1968-01-01
23548,78180,91180,replaced,1968-01-01
23549,78181,95181,replaced,1968-01-01
23550,78182,91182,replaced,1968-01-01
23551,78183,95183,replaced,1968-01-01
23552,78184,91184,replaced,1968-01-01
23553,78186,91186,replaced,1968-01-01
23554,78191,91191,replaced,1968-01-01
23555,78195,91195,replaced,1968-01-01
23556,78197,95197,replaced,1968-01-01
23557,78198,91198,replaced,1968-01-01
23558,78199,95199,replaced,1968-01-01
23559,78200,91200,replaced,1968-01-01
23560,78201,91201,replaced,1968-01-01
23561,78203,95203,replaced,1968-01-01
23562,78204,91204,replaced,1968-01-01
23563,78205,95205,replaced,1968-01-01
23564,78207,91207,replaced,1968-01-01
23565,78210,95210,replaced,1968-01-01
23566,78211,95211,replaced,1968-01-01
23567,78212,95212,replaced,1968-01-01
23568,78213,95213,replaced,1968-01-01
23569,78214,95214,replaced,1968-01-01
23570,78215,91215,replaced,1968-01-01
23571,78216,91216,replaced,1968-01-01
23572,78218,95218,replaced,1968-01-01
23573,78219,95219,replaced,1968-01-01
23574,78222,91222,replaced,1968-01-01
23575,78223,91223,replaced,1968-01-01
23576,78225,91225,replaced,1968-01-01
23577,78226,91226,replaced,1968-01-01
23578,78228,91228,replaced,1968-01-01
23579,78229,95229,replaced,1968-01-01
23580,78232,91232,replaced,1968-01-01
23581,78235,91235,replaced,1968-01-01
23582,78240,91240,replaced,1968-01-01
23583,78241,95241,replaced,1968-01-01
23584,78243,91243,replaced,1968-01-01
23585,78244,91244,replaced,1968-01-01
23586,78247,91247,replaced,1968-01-01
23587,78248,91248,replaced,1968-01-01
23588,78249,91249,replaced,1968-01-01
23589,78250,95250,replaced,1968-01-01
23590,78252,95252,replaced,1968-01-01
23591,78253,95253,replaced,1968-01-01
23592,78254,95254,replaced,1968-01-01
23593,78256,95256,replaced,1968-01-01
23594,78257,95257,replaced,1968-01-01
23595,78258,95258,replaced,1968-01-01
23596,78259,95259,replaced,1968-01-01
23597,78260,93032,replaced,1968-01-01
23598,78266,92033,replaced,1968-01-01
23599,78268,95268,replaced,1968-01-01
23600,78270,95270,replaced,1968-01-01
23601,78271,95271,replaced,1968-01-01
23602,78272,91272,replaced,1968-01-01
23603,78273,91273,replaced,1968-01-01
23604,78274,91274,replaced,1968-01-01
23605,78275,91275,replaced,1968-01-01
23606,78277,95277,replaced,1968-01-01
23607,78279,93033,replaced,1968-01-01
23608,78280,95280,replaced,1968-01-01
23609,78282,95282,replaced,1968-01-01
23610,78284,91284,replaced,1968-01-01
23611,78286,91286,replaced,1968-01-01
23612,78287,95287,replaced,1968-01-01
23613,78288,95288,replaced,1968-01-01
23614,78292,91292,replaced,1968-01-01
23615,78293,91293,replaced,1968-01-01
23616,78294,91294,replaced,1968-01-01
23617,78295,95295,replaced,1968-01-01
23618,78298,95298,replaced,1968-01-01
23619,78301,95301,replaced,1968-01-01
23620,78303,95303,replaced,1968-01-01
23621,78304,95304,replaced,1968-01-01
23622,78306,95306,replaced,1968-01-01
23623,78308,95308,replaced,1968-01-01
23624,78309,95309,replaced,1968-01-01
23625,78312,91312,replaced,1968-01-01
23626,78313,95313,replaced,1968-01-01
23627,78315,91315,replaced,1968-01-01
23628,78316,95316,replaced,1968-01-01
23629,78318,91318,replaced,1968-01-01
23630,78319,91319,replaced,1968-01-01
23631,78323,95323,replaced,1968-01-01
23632,78326,91326,replaced,1968-01-01
23633,78328,95328,replaced,1968-01-01
23634,78330,91330,replaced,1968-01-01
23635,78331,95331,replaced,1968-01-01
23636,78332,91332,replaced,1968-01-01
23637,78333,91333,replaced,1968-01-01
23638,78336,94044,replaced,1968-01-01
23639,78338,91338,replaced,1968-01-01
23640,78339,91339,replaced,1968-01-01
23641,78340,91340,replaced,1968-01-01
23642,78341,95341,replaced,1968-01-01
23643,78342,93046,replaced,1968-01-01
23644,78345,91345,replaced,1968-01-01
23645,78347,91347,replaced,1968-01-01
23646,78348,95348,replaced,1968-01-01
23647,78351,95351,replaced,1968-01-01
23648,78352,95352,replaced,1968-01-01
23649,78353,95353,replaced,1968-01-01
23650,78355,95355,replaced,1968-01-01
23651,78359,91359,replaced,1968-01-01
23652,78360,94047,replaced,1968-01-01
23653,78363,91363,replaced,1968-01-01
23654,78365,95365,replaced,1968-01-01
23655,78369,95369,replaced,1968-01-01
23656,78370,95370,replaced,1968-01-01
23657,78371,95371,replaced,1968-01-01
23658,78373,92047,replaced,1968-01-01
23659,78374,91374,replaced,1968-01-01
23660,78375,94048,replaced,1968-01-01
23661,78376,91376,replaced,1968-01-01
23662,78377,91377,replaced,1968-01-01
23663,78378,91378,replaced,1968-01-01
23664,78379,95379,replaced,1968-01-01
23665,78386,91386,replaced,1968-01-01
23666,78387,95387,replaced,1968-01-01
23667,78388,95388,replaced,1968-01-01
23668,78390,91390,replaced,1968-01-01
23669,78392,95392,replaced,1968-01-01
23670,78393,91393,replaced,1968-01-01
23671,78394,95394,replaced,1968-01-01
23672,78395,95395,replaced,1968-01-01
23673,78399,91399,replaced,1968-01-01
23674,78400,92048,replaced,1968-01-01
23675,78405,91405,replaced,1968-01-01
23676,78408,91408,replaced,1968-01-01
23677,78409,95409,replaced,1968-01-01
23678,78411,91411,replaced,1968-01-01
23679,78412,91412,replaced,1968-01-01
23680,78414,91414,replaced,1968-01-01
23681,78419,93047,replaced,1968-01-01
23682,78421,91421,replaced,1968-01-01
23683,78422,95422,replaced,1968-01-01
23684,78424,95424,replaced,1968-01-01
23685,78425,91425,replaced,1968-01-01
23686,78426,95426,replaced,1968-01-01
23687,78427,95427,replaced,1968-01-01
23688,78428,95428,replaced,1968-01-01
23689,78429,95429,replaced,1968-01-01
23690,78430,95430,replaced,1968-01-01
23691,78432,91432,replaced,1968-01-01
23692,78433,91433,replaced,1968-01-01
23693,78434,91434,replaced,1968-01-01
23694,78435,91435,replaced,1968-01-01
23695,78436,95436,replaced,1968-01-01
23696,78438,95438,replaced,1968-01-01
23697,78441,91441,replaced,1968-01-01
23698,78445,95445,replaced,1968-01-01
23699,78446,95446,replaced,1968-01-01
23700,78447,95447,replaced,1968-01-01
23701,78448,93049,replaced,1968-01-01
23702,78449,93050,replaced,1968-01-01
23703,78450,95450,replaced,1968-01-01
23704,78452,95452,replaced,1968-01-01
23705,78453,94053,replaced,1968-01-01
23706,78454,93051,replaced,1968-01-01
23707,78456,95456,replaced,1968-01-01
23708,78457,91457,replaced,1968-01-01
23709,78458,91458,replaced,1968-01-01
23710,78459,95459,replaced,1968-01-01
23711,78461,91461,replaced,1968-01-01
23712,78462,95462,replaced,1968-01-01
23713,78463,91463,replaced,1968-01-01
23714,78467,94055,replaced,1968-01-01
23715,78468,91468,replaced,1968-01-01
23716,78469,91469,replaced,1968-01-01
23717,78471,91471,replaced,1968-01-01
23718,78473,91473,replaced,1968-01-01
23719,78476,95476,replaced,1968-01-01
23720,78477,91477,replaced,1968-01-01
23721,78479,91479,replaced,1968-01-01
23722,78480,95480,replaced,1968-01-01
23723,78482,91482,replaced,1968-01-01
23724,78483,95483,replaced,1968-01-01
23725,78485,94056,replaced,1968-01-01
23726,78487,95487,replaced,1968-01-01
23727,78488,95488,replaced,1968-01-01
23728,78489,95489,replaced,1968-01-01
23729,78491,95491,replaced,1968-01-01
23730,78492,95492,replaced,1968-01-01
23731,78493,95493,replaced,1968-01-01
23732,78494,91494,replaced,1968-01-01
23733,78495,91495,replaced,1968-01-01
23734,78496,94059,replaced,1968-01-01
23735,78500,95500,replaced,1968-01-01
23736,78504,95504,replaced,1968-01-01
23737,78507,91507,replaced,1968-01-01
23738,78508,91508,replaced,1968-01-01
23739,78509,95509,replaced,1968-01-01
23740,78510,95510,replaced,1968-01-01
23741,78511,91511,replaced,1968-01-01
23742,78512,94060,replaced,1968-01-01
23743,78514,91514,replaced,1968-01-01
23744,78515,93062,replaced,1968-01-01
23745,78519,91519,replaced,1968-01-01
23746,78521,91521,replaced,1968-01-01
23747,78523,95523,replaced,1968-01-01
23748,78525,91525,replaced,1968-01-01
23749,78526,91526,replaced,1968-01-01
23750,78527,95527,replaced,1968-01-01
23751,78529,95529,replaced,1968-01-01
23752,78532,92063,replaced,1968-01-01
23753,78533,91533,replaced,1968-01-01
23754,78534,91534,replaced,1968-01-01
23755,78535,95535,replaced,1968-01-01
23756,78538,91538,replaced,1968-01-01
23757,78539,95539,replaced,1968-01-01
23758,78540,91540,replaced,1968-01-01
23759,78541,95541,replaced,1968-01-01
23760,78542,92064,replaced,1968-01-01
23761,78543,95543,replaced,1968-01-01
23762,78544,91544,replaced,1968-01-01
23763,78546,91546,replaced,1968-01-01
23764,78547,91547,replaced,1968-01-01
23765,78549,91549,replaced,1968-01-01
23766,78552,91552,replaced,1968-01-01
23767,78553,91553,replaced,1968-01-01
23768,78554,95554,replaced,1968-01-01
23769,78555,95555,replaced,1968-01-01
23770,78556,91556,replaced,1968-01-01
23771,78560,91560,replaced,1968-01-01
23772,78563,95563,replaced,1968-01-01
23773,78566,95566,replaced,1968-01-01
23774,78568,91568,replaced,1968-01-01
23775,78570,91570,replaced,1968-01-01
23776,78572,95572,replaced,1968-01-01
23777,78573,91573,replaced,1968-01-01
23778,78574,95574,replaced,1968-01-01
23779,78577,91577,replaced,1968-01-01
23780,78578,91578,replaced,1968-01-01
23781,78579,91579,replaced,1968-01-01
23782,78580,95580,replaced,1968-01-01
23783,78581,91581,replaced,1968-01-01
23784,78582,95582,replaced,1968-01-01
23785,78583,94070,replaced,1968-01-01
23786,78584,95584,replaced,1968-01-01
23787,78585,95585,replaced,1968-01-01
23788,78587,91587,replaced,1968-01-01
23789,78589,91589,replaced,1968-01-01
23790,78592,95592,replaced,1968-01-01
23791,78593,91593,replaced,1968-01-01
23792,78594,95594,replaced,1968-01-01
23793,78595,93071,replaced,1968-01-01
23794,78596,92072,replaced,1968-01-01
23795,78598,95598,replaced,1968-01-01
23796,78599,91599,replaced,1968-01-01
23797,78600,91600,replaced,1968-01-01
23798,78602,91602,replaced,1968-01-01
23799,78603,94071,replaced,1968-01-01
23800,78604,95604,replaced,1968-01-01
23801,78607,95607,replaced,1968-01-01
23802,78610,95610,replaced,1968-01-01
23803,78611,95611,replaced,1968-01-01
23804,78612,95612,replaced,1968-01-01
23805,78613,91613,replaced,1968-01-01
23806,78617,91617,replaced,1968-01-01
23807,78619,91619,replaced,1968-01-01
23808,78620,91620,replaced,1968-01-01
23809,78622,93073,replaced,1968-01-01
23810,78625,95625,replaced,1968-01-01
23811,78626,94074,replaced,1968-01-01
23812,78627,95627,replaced,1968-01-01
23813,78628,95628,replaced,1968-01-01
23814,78629,91629,replaced,1968-01-01
23815,78630,91630,replaced,1968-01-01
23816,78631,91631,replaced,1968-01-01
23817,78632,92076,replaced,1968-01-01
23818,78633,95633,replaced,1968-01-01
23819,78634,91634,replaced,1968-01-01
23820,78635,91635,replaced,1968-01-01
23821,78636,93074,replaced,1968-01-01
23822,78637,95637,replaced,1968-01-01
23823,78639,91639,replaced,1968-01-01
23824,78641,95641,replaced,1968-01-01
23825,78645,91645,replaced,1968-01-01
23826,78648,91648,replaced,1968-01-01
23827,78649,91649,replaced,1968-01-01
23828,78651,95651,replaced,1968-01-01
23829,78652,95652,replaced,1968-01-01
23830,78654,91654,replaced,1968-01-01
23831,78656,95656,replaced,1968-01-01
23832,78657,91657,replaced,1968-01-01
23833,78658,95658,replaced,1968-01-01
23834,78659,91659,replaced,1968-01-01
23835,78660,95660,replaced,1968-01-01
23836,78661,91661,replaced,1968-01-01
23837,78662,91662,replaced,1968-01-01
23838,78663,94075,replaced,1968-01-01
23839,78664,92077,replaced,1968-01-01
23840,78665,91665,replaced,1968-01-01
23841,78666,91666,replaced,1968-01-01
23842,78667,91667,replaced,1968-01-01
23843,78669,94077,replaced,1968-01-01
23844,78670,94078,replaced,1968-01-01
23845,78671,91671,replaced,1968-01-01
23846,78673,93078,replaced,1968-01-01
23847,78675,95675,replaced,1968-01-01
23848,78676,95676,replaced,1968-01-01
23849,78678,95678,replaced,1968-01-01
23850,78679,91679,replaced,1968-01-01
23851,78680,95680,replaced,1968-01-01
23852,78682,95682,replaced,1968-01-01
23853,78684,94079,replaced,1968-01-01
23854,78685,91685,replaced,1968-01-01
23855,78687,91687,replaced,1968-01-01
23856,78689,91689,replaced,1968-01-01
23857,78690,95690,replaced,1968-01-01
23858,78691,91691,replaced,1968-01-01
23859,78692,95120,replaced,1968-01-01
23860,01132,69274,replaced,1967-12-31
23861,01168,69278,replaced,1967-12-31
23862,01256,69284,replaced,1967-12-31
23863,01326,69286,replaced,1967-12-31
23864,01394,69292,replaced,1967-12-31
23865,01395,69293,replaced,1967-12-31
23866,38079,69270,replaced,1967-12-31
23867,38088,69271,replaced,1967-12-31
23868,38122,69272,replaced,1967-12-31
23869,38123,69273,replaced,1967-12-31
23870,38143,69275,replaced,1967-12-31
23871,38164,69276,replaced,1967-12-31
23872,38178,69277,replaced,1967-12-31
23873,38201,69279,replaced,1967-12-31
23874,38202,69280,replaced,1967-12-31
23875,38220,69281,replaced,1967-12-31
23876,38233,69282,replaced,1967-12-31
23877,38234,69283,replaced,1967-12-31
23878,38327,69285,replaced,1967-12-31
23879,38371,69287,replaced,1967-12-31
23880,38411,69288,replaced,1967-12-31
23881,38441,69289,replaced,1967-12-31
23882,38447,69290,replaced,1967-12-31
23883,38461,69291,replaced,1967-12-31
23884,38482,69294,replaced,1967-12-31
23885,38491,69295,replaced,1967-12-31
23886,38493,69296,replaced,1967-12-31
23887,38502,69297,replaced,1967-12-31
23888,38510,69298,replaced,1967-12-31
23889,57078,57680,absorbed,1967-12-30
23890,57680,57680,code_reused,1967-12-30
23891,78025,78355,absorbed,1967-12-21
23892,78355,78355,code_reused,1967-12-21
23893,03134,03134,renamed,1967-12-03
23894,24242,24242,renamed,1967-12-03
23895,27427,27427,renamed,1967-12-03
23896,35322,35322,renamed,1967-12-03
23897,03132,03132,renamed,1967-11-20
23898,21326,21326,renamed,1967-11-20
23899,38231,38231,renamed,1967-11-20
23900,71026,71026,renamed,1967-11-20
23901,85179,85179,renamed,1967-11-20
23902,86014,86014,renamed,1967-11-20
23903,86079,86079,renamed,1967-11-20
23904,08370,08370,code_reused,1967-11-01
23905,08414,08370,absorbed,1967-11-01
23906,35213,35288,absorbed,1967-10-30
23907,35288,35288,code_reused,1967-10-30
23908,35313,35288,absorbed,1967-10-30
23909,77159,77159,code_reused,1967-07-31
23910,77160,77159,absorbed,1967-07-31
23911,55145,55145,code_reused,1967-06-15
23912,55209,55145,absorbed,1967-06-15
23913,24229,24229,code_reused,1967-05-01
23914,24440,24229,absorbed,1967-05-01
23915,51207,51211,absorbed,1967-04-27
23916,51211,51211,code_reused,1967-04-27
23917,51011,51537,absorbed,1967-04-16
23918,51537,51537,code_reused,1967-04-16
23919,51244,51244,code_reused,1967-03-27
23920,51615,51244,absorbed,1967-03-27
23921,14518,14518,renamed,1967-03-20
23922,27082,27082,renamed,1967-03-20
23923,78293,78293,renamed,1967-03-20
23924,78337,78337,renamed,1967-03-20
23925,87021,87021,renamed,1967-03-20
23926,51180,51380,absorbed,1967-02-23
23927,51221,51380,absorbed,1967-02-23
23928,51380,51380,code_reused,1967-02-23
23929,85075,85222,absorbed,1967-01-23
23930,85222,85222,code_reused,1967-01-23
23931,08081,08081,code_reused,1967-01-01
23932,08108,08081,absorbed,1967-01-01
23933,08253,08081,absorbed,1967-01-01
23934,37017,37115,absorbed,1967-01-01
23935,37115,37115,code_reused,1967-01-01
23936,38053,38053,code_reused,1967-01-01
23937,38196,38053,absorbed,1967-01-01
23938,39071,39397,absorbed,1967-01-01
23939,39397,39397,code_reused,1967-01-01
23940,51025,51025,code_reused,1967-01-01
23941,51026,51025,absorbed,1967-01-01
23942,51096,51270,absorbed,1967-01-01
23943,51270,51270,code_reused,1967-01-01
23944,57672,57672,code_reused,1967-01-01
23945,57710,57672,absorbed,1967-01-01
23946,64235,64493,absorbed,1967-01-01
23947,64493,64493,code_reused,1967-01-01
23948,85057,85092,absorbed,1967-01-01
23949,85092,85092,code_reused,1967-01-01
23950,51235,51235,code_reused,1966-12-12
23951,51313,51313,code_reused,1966-12-12
23952,51369,51369,code_reused,1966-12-12
23953,51606,51235,absorbed,1966-12-12
23954,51606,51313,absorbed,1966-12-12
23955,51606,51369,absorbed,1966-12-12
23956,08105,08105,code_reused,1966-10-01
23957,08157,08105,absorbed,1966-10-01
23958,08290,08105,absorbed,1966-10-01
23959,08292,08105,absorbed,1966-10-01
23960,08299,08105,absorbed,1966-10-01
23961,52061,52061,code_reused,1966-09-16
23962,52255,52061,absorbed,1966-09-16
23963,04064,04173,absorbed,1966-09-05
23964,04173,04173,code_reused,1966-09-05
23965,26230,26321,absorbed,1966-09-05
23966,26321,26321,code_reused,1966-09-05
23967,52323,52332,absorbed,1966-09-01
23968,52332,52332,code_reused,1966-09-01
23969,13085,13119,split,1966-08-29
23970,08115,08115,code_reused,1966-08-07
23971,08270,08115,absorbed,1966-08-07
23972,51071,51071,code_reused,1966-07-01
23973,51481,51071,absorbed,1966-07-01
23974,74043,74043,code_reused,1966-07-01
23975,74047,74043,absorbed,1966-07-01
23976,74230,74043,absorbed,1966-07-01
23977,80002,80002,code_reused,1966-07-01
23978,80641,80002,absorbed,1966-07-01
23979,52114,52114,code_reused,1966-06-01
23980,52338,52114,absorbed,1966-06-01
23981,16230,16230,code_reused,1966-05-20
23982,16311,16230,absorbed,1966-05-20
23983,02748,02748,renamed,1966-05-07
23984,11405,11405,renamed,1966-05-07
23985,13057,13057,renamed,1966-05-07
23986,57049,57049,renamed,1966-05-07
23987,59027,59027,renamed,1966-05-07
23988,61255,61255,renamed,1966-05-07
23989,65452,65452,renamed,1966-05-07
23990,01033,01033,code_reused,1966-03-23
23991,01126,01033,absorbed,1966-03-23
23992,02314,02361,absorbed,1966-01-01
23993,02361,02361,code_reused,1966-01-01
23994,39331,39331,code_reused,1966-01-01
23995,39416,39331,absorbed,1966-01-01
23996,43005,43005,code_reused,1966-01-01
23997,43111,43111,code_reused,1966-01-01
23998,43235,43111,absorbed,1966-01-01
23999,43248,43005,absorbed,1966-01-01
24000,51067,51277,absorbed,1966-01-01
24001,51277,51277,code_reused,1966-01-01
24002,53081,53127,absorbed,1966-01-01
24003,53127,53127,code_reused,1966-01-01
24004,62113,62113,renamed,1966-01-01
24005,80184,80184,renamed,1966-01-01
24006,80230,80230,code_reused,1966-01-01
24007,80254,80230,absorbed,1966-01-01
24008,80410,80410,code_reused,1966-01-01
24009,80720,80410,absorbed,1966-01-01
24010,52152,52509,absorbed,1965-11-08
24011,52509,52509,code_reused,1965-11-08
24012,61334,61339,absorbed,1965-10-12
24013,61339,61339,code_reused,1965-10-12
24014,76063,76063,code_reused,1965-10-04
24015,76579,76063,absorbed,1965-10-04
24016,79048,79048,code_reused,1965-09-23
24017,79082,79048,absorbed,1965-09-23
24018,08442,08469,absorbed,1965-07-01
24019,08469,08469,code_reused,1965-07-01
24020,78228,78228,renamed,1965-06-30
24021,10016,10174,absorbed,1965-06-15
24022,10174,10174,code_reused,1965-06-15
24023,33175,33175,code_reused,1965-06-13
24024,33497,33175,absorbed,1965-06-13
24025,80178,80570,absorbed,1965-06-13
24026,80570,80570,code_reused,1965-06-13
24027,17351,17351,renamed,1965-06-12
24028,22203,22203,renamed,1965-06-12
24029,32070,32070,renamed,1965-06-12
24030,35038,35038,renamed,1965-06-12
24031,50003,50003,renamed,1965-06-12
24032,54166,54166,renamed,1965-06-12
24033,10088,10094,absorbed,1965-06-10
24034,10094,10094,code_reused,1965-06-10
24035,72140,72264,absorbed,1965-06-01
24036,72264,72264,code_reused,1965-06-01
24037,09135,09135,renamed,1965-05-21
24038,33340,33506,absorbed,1965-05-01
24039,33430,33506,absorbed,1965-05-01
24040,33469,33506,absorbed,1965-05-01
24041,33506,33506,code_reused,1965-05-01
24042,79191,79191,code_reused,1965-04-16
24043,79287,79191,absorbed,1965-04-16
24044,76418,76418,renamed,1965-04-01
24045,88211,88305,absorbed,1965-03-12
24046,88305,88305,code_reused,1965-03-12
24047,17098,17098,code_reused,1965-03-08
24048,17399,17098,absorbed,1965-03-08
24049,74268,74268,code_reused,1965-03-08
24050,74300,74268,absorbed,1965-03-08
24051,74243,74243,code_reused,1965-03-06
24052,74277,74243,absorbed,1965-03-06
24053,08311,08311,code_reused,1965-03-01
24054,08474,08311,absorbed,1965-03-01
24055,11183,11183,code_reused,1965-03-01
24056,11237,11183,absorbed,1965-03-01
24057,23067,23067,code_reused,1965-03-01
24058,23256,23067,absorbed,1965-03-01
24059,24078,24520,absorbed,1965-03-01
24060,24169,24516,absorbed,1965-03-01
24061,24516,24516,code_reused,1965-03-01
24062,24520,24520,code_reused,1965-03-01
24063,27096,27096,code_reused,1965-03-01
24064,27272,27096,absorbed,1965-03-01
24065,27675,27096,absorbed,1965-03-01
24066,35182,35240,absorbed,1965-03-01
24067,35240,35240,code_reused,1965-03-01
24068,38224,38224,code_reused,1965-03-01
24069,38477,38224,absorbed,1965-03-01
24070,41117,41199,absorbed,1965-03-01
24071,41199,41199,code_reused,1965-03-01
24072,50147,50147,code_reused,1965-03-01
24073,50527,50147,absorbed,1965-03-01
24074,71178,71178,code_reused,1965-03-01
24075,71298,71178,absorbed,1965-03-01
24076,80012,80390,absorbed,1965-03-01
24077,80390,80390,code_reused,1965-03-01
24078,80448,80608,absorbed,1965-03-01
24079,80608,80608,code_reused,1965-03-01
24080,80620,80620,code_reused,1965-03-01
24081,80715,80620,absorbed,1965-03-01
24082,33287,33287,code_reused,1965-02-28
24083,33368,33287,absorbed,1965-02-28
24084,24265,24294,absorbed,1965-02-27
24085,24294,24294,code_reused,1965-02-27
24086,33265,33339,absorbed,1965-02-27
24087,33339,33339,code_reused,1965-02-27
24088,61029,61029,code_reused,1965-02-27
24089,61132,61189,absorbed,1965-02-27
24090,61134,61029,absorbed,1965-02-27
24091,61189,61189,code_reused,1965-02-27
24092,61432,61432,code_reused,1965-02-27
24093,61495,61432,absorbed,1965-02-27
24094,71176,71176,code_reused,1965-02-27
24095,71575,71176,absorbed,1965-02-27
24096,12167,12167,code_reused,1965-02-26
24097,12302,12167,absorbed,1965-02-26
24098,14451,14735,absorbed,1965-02-26
24099,14735,14735,code_reused,1965-02-26
24100,02124,02124,code_reused,1965-02-25
24101,02365,02124,absorbed,1965-02-25
24102,40010,40267,absorbed,1965-02-25
24103,40045,40200,absorbed,1965-02-25
24104,40200,40200,code_reused,1965-02-25
24105,40267,40267,code_reused,1965-02-25
24106,43146,43157,absorbed,1965-02-25
24107,43157,43157,code_reused,1965-02-25
24108,55130,55132,absorbed,1965-02-25
24109,55132,55132,code_reused,1965-02-25
24110,55354,55354,code_reused,1965-02-25
24111,55564,55354,absorbed,1965-02-25
24112,70456,70456,code_reused,1965-02-24
24113,70556,70456,absorbed,1965-02-24
24114,47110,47110,code_reused,1965-02-23
24115,47270,47110,absorbed,1965-02-23
24116,33063,33063,code_reused,1965-02-22
24117,33110,33063,absorbed,1965-02-22
24118,32137,32268,absorbed,1965-02-20
24119,32268,32268,code_reused,1965-02-20
24120,43157,43157,code_reused,1965-02-20
24121,43243,43157,absorbed,1965-02-20
24122,01143,01143,code_reused,1965-02-15
24123,01438,01143,absorbed,1965-02-15
24124,08224,08240,absorbed,1965-02-15
24125,08240,08240,code_reused,1965-02-15
24126,09010,09188,absorbed,1965-02-15
24127,09188,09188,code_reused,1965-02-15
24128,14142,14142,code_reused,1965-02-15
24129,14428,14142,absorbed,1965-02-15
24130,17170,17243,absorbed,1965-02-15
24131,17243,17243,code_reused,1965-02-15
24132,73165,73250,absorbed,1965-02-15
24133,73250,73250,code_reused,1965-02-15
24134,79079,79079,code_reused,1965-02-15
24135,79262,79079,absorbed,1965-02-15
24136,72014,72039,absorbed,1965-02-13
24137,72039,72039,code_reused,1965-02-13
24138,97414,97424,split,1965-02-05
24139,11206,11206,code_reused,1965-02-01
24140,11403,11206,absorbed,1965-02-01
24141,14048,14614,absorbed,1965-02-01
24142,14614,14614,code_reused,1965-02-01
24143,21019,21060,absorbed,1965-02-01
24144,21060,21060,code_reused,1965-02-01
24145,29138,29302,absorbed,1965-02-01
24146,29231,29302,absorbed,1965-02-01
24147,29302,29302,code_reused,1965-02-01
24148,48070,48070,code_reused,1965-02-01
24149,48143,48070,absorbed,1965-02-01
24150,51209,51228,absorbed,1965-02-01
24151,51210,51663,split,1965-02-01
24152,51214,51214,code_reused,1965-02-01
24153,51228,51228,code_reused,1965-02-01
24154,51554,51555,absorbed,1965-02-01
24155,51555,51555,code_reused,1965-02-01
24156,51593,51214,absorbed,1965-02-01
24157,72196,72196,code_reused,1965-02-01
24158,72242,72196,absorbed,1965-02-01
24159,80010,80010,code_reused,1965-02-01
24160,80031,80031,code_reused,1965-02-01
24161,80091,80010,absorbed,1965-02-01
24162,80534,80010,absorbed,1965-02-01
24163,80727,80031,absorbed,1965-02-01
24164,42005,42005,code_reused,1965-01-23
24165,42024,42005,absorbed,1965-01-23
24166,01202,01202,code_reused,1965-01-10
24167,01315,01202,absorbed,1965-01-10
24168,14306,14306,renamed,1965-01-10
24169,22186,22186,renamed,1965-01-10
24170,26302,26302,renamed,1965-01-10
24171,31507,31507,renamed,1965-01-10
24172,31526,31526,renamed,1965-01-10
24173,42332,42332,renamed,1965-01-10
24174,53038,53038,renamed,1965-01-10
24175,54334,54334,renamed,1965-01-10
24176,60228,60228,renamed,1965-01-10
24177,67173,67173,renamed,1965-01-10
24178,69168,69168,renamed,1965-01-10
24179,73154,73154,renamed,1965-01-10
24180,76209,76209,renamed,1965-01-10
24181,89077,89077,renamed,1965-01-10
24182,78065,78355,absorbed,1965-01-09
24183,78355,78355,code_reused,1965-01-09
24184,08181,08409,absorbed,1965-01-01
24185,08290,08290,code_reused,1965-01-01
24186,08409,08409,code_reused,1965-01-01
24187,08447,08290,absorbed,1965-01-01
24188,09030,09030,code_reused,1965-01-01
24189,09278,09030,absorbed,1965-01-01
24190,14095,14577,absorbed,1965-01-01
24191,14577,14577,code_reused,1965-01-01
24192,20237,20308,absorbed,1965-01-01
24193,20294,20308,absorbed,1965-01-01
24194,20308,20308,code_reused,1965-01-01
24195,23135,23227,absorbed,1965-01-01
24196,23227,23227,code_reused,1965-01-01
24197,27030,27427,absorbed,1965-01-01
24198,27086,27105,absorbed,1965-01-01
24199,27087,27138,absorbed,1965-01-01
24200,27105,27105,code_reused,1965-01-01
24201,27106,27106,code_reused,1965-01-01
24202,27138,27138,code_reused,1965-01-01
24203,27236,27106,absorbed,1965-01-01
24204,27314,27331,absorbed,1965-01-01
24205,27331,27331,code_reused,1965-01-01
24206,27357,27415,absorbed,1965-01-01
24207,27361,27361,code_reused,1965-01-01
24208,27415,27415,code_reused,1965-01-01
24209,27427,27427,code_reused,1965-01-01
24210,27559,27361,absorbed,1965-01-01
24211,34186,34186,code_reused,1965-01-01
24212,34275,34186,absorbed,1965-01-01
24213,45093,45093,code_reused,1965-01-01
24214,45117,45093,absorbed,1965-01-01
24215,45117,45313,absorbed,1965-01-01
24216,45313,45313,code_reused,1965-01-01
24217,47142,47142,code_reused,1965-01-01
24218,47261,47142,absorbed,1965-01-01
24219,50031,50031,code_reused,1965-01-01
24220,50068,50109,absorbed,1965-01-01
24221,50104,50031,absorbed,1965-01-01
24222,50109,50109,code_reused,1965-01-01
24223,50173,50173,code_reused,1965-01-01
24224,50226,50173,absorbed,1965-01-01
24225,50264,50405,absorbed,1965-01-01
24226,50405,50405,code_reused,1965-01-01
24227,51189,51571,absorbed,1965-01-01
24228,51218,51218,code_reused,1965-01-01
24229,51467,51218,absorbed,1965-01-01
24230,51571,51571,code_reused,1965-01-01
24231,51661,51571,absorbed,1965-01-01
24232,57164,57572,absorbed,1965-01-01
24233,57185,57606,absorbed,1965-01-01
24234,57572,57572,code_reused,1965-01-01
24235,57606,57606,code_reused,1965-01-01
24236,62394,62827,absorbed,1965-01-01
24237,62827,62827,code_reused,1965-01-01
24238,65030,65247,absorbed,1965-01-01
24239,65247,65247,code_reused,1965-01-01
24240,69091,69091,code_reused,1965-01-01
24241,69226,69091,absorbed,1965-01-01
24242,71197,71270,absorbed,1965-01-01
24243,71270,71270,code_reused,1965-01-01
24244,72002,72002,code_reused,1965-01-01
24245,72030,72002,absorbed,1965-01-01
24246,72048,72048,code_reused,1965-01-01
24247,72055,72276,absorbed,1965-01-01
24248,72092,72276,absorbed,1965-01-01
24249,72154,72154,code_reused,1965-01-01
24250,72263,72048,absorbed,1965-01-01
24251,72276,72276,code_reused,1965-01-01
24252,72285,72154,absorbed,1965-01-01
24253,72317,72317,code_reused,1965-01-01
24254,72365,72317,absorbed,1965-01-01
24255,72371,72154,absorbed,1965-01-01
24256,73011,73011,code_reused,1965-01-01
24257,73054,73054,code_reused,1965-01-01
24258,73134,73054,absorbed,1965-01-01
24259,73279,73011,absorbed,1965-01-01
24260,74207,74250,absorbed,1965-01-01
24261,74247,74250,absorbed,1965-01-01
24262,74250,74250,code_reused,1965-01-01
24263,80286,80410,absorbed,1965-01-01
24264,80322,80322,code_reused,1965-01-01
24265,80323,80322,absorbed,1965-01-01
24266,80410,80410,code_reused,1965-01-01
24267,80471,80521,absorbed,1965-01-01
24268,80521,80521,code_reused,1965-01-01
24269,88114,88114,code_reused,1965-01-01
24270,88321,88321,code_reused,1965-01-01
24271,88329,88321,absorbed,1965-01-01
24272,88339,88114,absorbed,1965-01-01
24273,88397,88321,absorbed,1965-01-01
24274,89110,89246,absorbed,1965-01-01
24275,89246,89246,code_reused,1965-01-01
24276,89264,89264,code_reused,1965-01-01
24277,89455,89264,absorbed,1965-01-01
24278,74042,74042,code_reused,1964-12-17
24279,74092,74042,absorbed,1964-12-17
24280,04060,04060,code_reused,1964-11-01
24281,04147,04060,absorbed,1964-11-01
24282,08115,08115,code_reused,1964-11-01
24283,08129,08115,absorbed,1964-11-01
24284,48004,48004,code_reused,1964-11-01
24285,48015,48015,code_reused,1964-11-01
24286,48052,48004,absorbed,1964-11-01
24287,48114,48015,absorbed,1964-11-01
24288,48159,48015,absorbed,1964-11-01
24289,15001,15001,code_reused,1964-10-29
24290,15039,15001,absorbed,1964-10-29
24291,77129,77129,code_reused,1964-10-15
24292,77488,77129,absorbed,1964-10-15
24293,79049,79049,code_reused,1964-10-10
24294,79291,79049,absorbed,1964-10-10
24295,08119,08119,code_reused,1964-10-01
24296,08377,08119,absorbed,1964-10-01
24297,49124,49125,absorbed,1964-10-01
24298,49125,49125,code_reused,1964-10-01
24299,49340,49125,absorbed,1964-10-01
24300,59245,59567,absorbed,1964-10-01
24301,59567,59567,code_reused,1964-10-01
24302,01185,01185,code_reused,1964-09-01
24303,01201,01185,absorbed,1964-09-01
24304,01222,01185,absorbed,1964-09-01
24305,50566,50639,absorbed,1964-08-27
24306,50639,50639,code_reused,1964-08-27
24307,69385,69389,split,1964-08-12
24308,70212,70441,absorbed,1964-08-06
24309,70441,70441,code_reused,1964-08-06
24310,85032,85191,absorbed,1964-07-11
24311,85191,85191,code_reused,1964-07-11
24312,85195,85191,absorbed,1964-07-11
24313,51326,51326,code_reused,1964-07-01
24314,51330,51326,absorbed,1964-07-01
24315,59030,59139,absorbed,1964-07-01
24316,59139,59139,code_reused,1964-07-01
24317,80075,80247,absorbed,1964-07-01
24318,80247,80247,code_reused,1964-07-01
24319,85007,85109,absorbed,1964-07-01
24320,85051,85051,code_reused,1964-07-01
24321,85085,85151,absorbed,1964-07-01
24322,85109,85109,code_reused,1964-07-01
24323,85151,85151,code_reused,1964-07-01
24324,85183,85051,absorbed,1964-07-01
24325,85225,85151,absorbed,1964-07-01
24326,85241,85051,absorbed,1964-07-01
24327,88072,88460,absorbed,1964-07-01
24328,88160,88160,code_reused,1964-07-01
24329,88191,88460,absorbed,1964-07-01
24330,88414,88460,absorbed,1964-07-01
24331,88422,88160,absorbed,1964-07-01
24332,88460,88460,code_reused,1964-07-01
24333,79191,79191,code_reused,1964-06-21
24334,79315,79191,absorbed,1964-06-21
24335,01020,01125,absorbed,1964-06-04
24336,01125,01125,code_reused,1964-06-04
24337,04039,04039,code_reused,1964-06-01
24338,04239,04039,absorbed,1964-06-01
24339,37235,37261,absorbed,1964-06-01
24340,37239,37261,absorbed,1964-06-01
24341,37261,37261,code_reused,1964-06-01
24342,49050,49050,code_reused,1964-06-01
24343,49255,49050,absorbed,1964-06-01
24344,51159,51298,absorbed,1964-06-01
24345,51298,51298,code_reused,1964-06-01
24346,85109,85109,code_reused,1964-06-01
24347,85173,85109,absorbed,1964-06-01
24348,76018,76018,code_reused,1964-05-08
24349,76687,76018,absorbed,1964-05-08
24350,85158,85158,code_reused,1964-05-08
24351,85249,85158,absorbed,1964-05-08
24352,78381,78381,code_reused,1964-04-27
24353,78614,78381,absorbed,1964-04-27
24354,70002,70002,code_reused,1964-04-24
24355,70266,70002,absorbed,1964-04-24
24356,31257,31287,absorbed,1964-04-23
24357,31287,31287,code_reused,1964-04-23
24358,08118,08490,absorbed,1964-04-01
24359,08490,08490,code_reused,1964-04-01
24360,42111,42207,absorbed,1964-03-14
24361,42207,42207,code_reused,1964-03-14
24362,42244,42207,absorbed,1964-03-14
24363,42258,42207,absorbed,1964-03-14
24364,79195,79195,renamed,1964-03-11
24365,50459,50502,absorbed,1964-03-01
24366,50502,50502,code_reused,1964-03-01
24367,50560,50502,absorbed,1964-03-01
24368,14018,14655,absorbed,1964-02-17
24369,14655,14655,code_reused,1964-02-17
24370,76018,76018,code_reused,1964-02-17
24371,76256,76018,absorbed,1964-02-17
24372,76722,76018,absorbed,1964-02-17
24373,73195,73303,absorbed,1964-02-10
24374,73303,73303,code_reused,1964-02-10
24375,27414,27414,code_reused,1964-01-01
24376,27509,27414,absorbed,1964-01-01
24377,38168,38315,absorbed,1964-01-01
24378,38315,38315,code_reused,1964-01-01
24379,50366,50611,absorbed,1964-01-01
24380,50611,50611,code_reused,1964-01-01
24381,57503,57631,absorbed,1964-01-01
24382,57631,57631,code_reused,1964-01-01
24383,57744,57631,absorbed,1964-01-01
24384,60349,60395,absorbed,1964-01-01
24385,60395,60395,code_reused,1964-01-01
24386,65388,65388,code_reused,1964-01-01
24387,65434,65388,absorbed,1964-01-01
24388,80342,80342,code_reused,1964-01-01
24389,80567,80620,absorbed,1964-01-01
24390,80620,80620,code_reused,1964-01-01
24391,80660,80342,absorbed,1964-01-01
24392,86137,86137,code_reused,1964-01-01
24393,86282,86137,absorbed,1964-01-01
24394,05030,05145,absorbed,1963-10-05
24395,05145,05145,code_reused,1963-10-05
24396,04225,04234,absorbed,1963-10-01
24397,04234,04234,code_reused,1963-10-01
24398,69123,69123,code_reused,1963-08-07
24399,69232,69123,absorbed,1963-08-07
24400,05041,05064,absorbed,1963-01-01
24401,05064,05064,code_reused,1963-01-01
24402,24547,24547,code_reused,1963-01-01
24403,24583,24547,absorbed,1963-01-01
24404,27467,27467,code_reused,1963-01-01
24405,27585,27467,absorbed,1963-01-01
24406,66003,66003,code_reused,1963-01-01
24407,66110,66003,absorbed,1963-01-01
24408,88274,88274,code_reused,1963-01-01
24409,88384,88274,absorbed,1963-01-01
24410,54316,54316,renamed,1962-12-22
24411,54518,54518,renamed,1962-12-22
24412,04046,04046,code_reused,1962-12-20
24413,04185,04046,absorbed,1962-12-20
24414,87010,87085,absorbed,1962-11-10
24415,87085,87085,code_reused,1962-11-10
24416,01104,01104,code_reused,1962-08-27
24417,01164,01104,absorbed,1962-08-27
24418,25601,25601,code_reused,1962-08-20
24419,25636,25601,absorbed,1962-08-20
24420,22327,22327,renamed,1962-07-25
24421,30235,30235,renamed,1962-07-25
24422,39038,39038,renamed,1962-07-25
24423,39327,39327,renamed,1962-07-25
24424,39487,39487,renamed,1962-07-25
24425,70572,70572,renamed,1962-07-25
24426,82146,82146,renamed,1962-07-25
24427,73173,73173,renamed,1962-07-12
24428,01263,01263,renamed,1962-05-16
24429,09201,09201,renamed,1962-05-16
24430,11016,11016,renamed,1962-05-16
24431,11099,11099,renamed,1962-05-16
24432,11137,11137,renamed,1962-05-16
24433,11435,11435,renamed,1962-05-16
24434,15168,15168,renamed,1962-05-16
24435,15185,15185,renamed,1962-05-16
24436,16085,16085,renamed,1962-05-16
24437,22212,22212,renamed,1962-05-16
24438,25495,25495,renamed,1962-05-16
24439,30236,30236,renamed,1962-05-16
24440,36023,36023,renamed,1962-05-16
24441,44016,44016,renamed,1962-05-16
24442,44055,44055,renamed,1962-05-16
24443,50031,50031,renamed,1962-05-16
24444,50073,50073,renamed,1962-05-16
24445,50256,50256,renamed,1962-05-16
24446,50260,50260,renamed,1962-05-16
24447,50352,50352,renamed,1962-05-16
24448,50384,50384,renamed,1962-05-16
24449,50639,50639,renamed,1962-05-16
24450,59029,59029,renamed,1962-05-16
24451,59063,59063,renamed,1962-05-16
24452,59223,59223,renamed,1962-05-16
24453,59250,59250,renamed,1962-05-16
24454,59312,59312,renamed,1962-05-16
24455,59502,59502,renamed,1962-05-16
24456,59526,59526,renamed,1962-05-16
24457,61387,61387,renamed,1962-05-16
24458,64192,64192,renamed,1962-05-16
24459,70026,70026,renamed,1962-05-16
24460,70076,70076,renamed,1962-05-16
24461,70168,70168,renamed,1962-05-16
24462,70233,70233,renamed,1962-05-16
24463,70275,70275,renamed,1962-05-16
24464,70309,70309,renamed,1962-05-16
24465,70364,70364,renamed,1962-05-16
24466,70575,70575,renamed,1962-05-16
24467,71351,71351,renamed,1962-05-16
24468,73278,73278,renamed,1962-05-16
24469,50218,50218,code_reused,1962-04-29
24470,50530,50218,absorbed,1962-04-29
24471,08001,08001,renamed,1962-04-09
24472,08026,08026,renamed,1962-04-09
24473,12262,12262,renamed,1962-04-09
24474,40001,40001,renamed,1962-04-09
24475,40100,40100,renamed,1962-04-09
24476,40117,40117,renamed,1962-04-09
24477,40153,40153,renamed,1962-04-09
24478,40194,40194,renamed,1962-04-09
24479,40215,40215,renamed,1962-04-09
24480,40243,40243,renamed,1962-04-09
24481,40268,40268,renamed,1962-04-09
24482,52451,52451,renamed,1962-04-09
24483,52452,52452,renamed,1962-04-09
24484,55012,55012,renamed,1962-04-09
24485,65033,65033,renamed,1962-04-09
24486,65040,65040,renamed,1962-04-09
24487,65105,65105,renamed,1962-04-09
24488,65295,65295,renamed,1962-04-09
24489,65375,65375,renamed,1962-04-09
24490,65389,65389,renamed,1962-04-09
24491,65395,65395,renamed,1962-04-09
24492,65397,65397,renamed,1962-04-09
24493,65420,65420,renamed,1962-04-09
24494,76019,76019,renamed,1962-04-09
24495,76048,76048,renamed,1962-04-09
24496,76101,76101,renamed,1962-04-09
24497,76105,76105,renamed,1962-04-09
24498,76312,76312,renamed,1962-04-09
24499,76358,76358,renamed,1962-04-09
24500,76462,76462,renamed,1962-04-09
24501,76579,76579,renamed,1962-04-09
24502,76676,76676,renamed,1962-04-09
24503,76695,76695,renamed,1962-04-09
24504,77083,77083,renamed,1962-04-09
24505,87009,87009,renamed,1962-04-09
24506,90078,90078,renamed,1962-04-09
24507,02624,02624,renamed,1962-03-08
24508,16020,16020,renamed,1962-03-08
24509,16242,16242,renamed,1962-03-08
24510,16307,16307,renamed,1962-03-08
24511,16340,16340,renamed,1962-03-08
24512,16400,16400,renamed,1962-03-08
24513,17019,17019,renamed,1962-03-08
24514,17069,17069,renamed,1962-03-08
24515,17093,17093,renamed,1962-03-08
24516,17142,17142,renamed,1962-03-08
24517,17260,17260,renamed,1962-03-08
24518,17265,17265,renamed,1962-03-08
24519,17284,17284,renamed,1962-03-08
24520,17323,17323,renamed,1962-03-08
24521,17337,17337,renamed,1962-03-08
24522,17344,17344,renamed,1962-03-08
24523,17369,17369,renamed,1962-03-08
24524,17385,17385,renamed,1962-03-08
24525,17417,17417,renamed,1962-03-08
24526,17419,17419,renamed,1962-03-08
24527,41280,41280,renamed,1962-03-08
24528,49067,49067,renamed,1962-03-08
24529,51162,51162,renamed,1962-03-08
24530,69003,69003,renamed,1962-03-08
24531,69052,69052,renamed,1962-03-08
24532,72119,72119,renamed,1962-03-08
24533,72223,72223,renamed,1962-03-08
24534,72379,72379,renamed,1962-03-08
24535,82155,82155,renamed,1962-03-08
24536,83001,83001,renamed,1962-03-08
24537,06109,06109,renamed,1962-01-28
24538,25415,25415,renamed,1962-01-28
24539,25452,25452,renamed,1962-01-28
24540,25453,25453,renamed,1962-01-28
24541,25521,25521,renamed,1962-01-28
24542,32142,32142,renamed,1962-01-28
24543,43135,43135,renamed,1962-01-28
24544,59036,59036,renamed,1962-01-28
24545,59386,59386,renamed,1962-01-28
24546,59407,59407,renamed,1962-01-28
24547,59438,59438,renamed,1962-01-28
24548,59439,59439,renamed,1962-01-28
24549,59521,59521,renamed,1962-01-28
24550,59547,59547,renamed,1962-01-28
24551,59594,59594,renamed,1962-01-28
24552,59597,59597,renamed,1962-01-28
24553,57005,57605,absorbed,1962-01-01
24554,57605,57605,code_reused,1962-01-01
24555,05164,05164,renamed,1961-12-28
24556,21318,21318,renamed,1961-12-28
24557,21353,21353,renamed,1961-12-28
24558,21663,21663,renamed,1961-12-28
24559,25138,25138,renamed,1961-12-28
24560,25169,25169,renamed,1961-12-28
24561,25246,25246,renamed,1961-12-28
24562,25277,25277,renamed,1961-12-28
24563,25281,25281,renamed,1961-12-28
24564,25422,25422,renamed,1961-12-28
24565,25497,25497,renamed,1961-12-28
24566,25542,25542,renamed,1961-12-28
24567,25593,25593,renamed,1961-12-28
24568,27264,27264,renamed,1961-12-28
24569,52045,52045,renamed,1961-12-28
24570,67321,67321,renamed,1961-12-28
24571,71027,71027,renamed,1961-12-28
24572,71318,71318,renamed,1961-12-28
24573,72225,72225,renamed,1961-12-28
24574,57094,57463,absorbed,1961-12-09
24575,57429,57463,absorbed,1961-12-09
24576,57463,57463,code_reused,1961-12-09
24577,57688,57463,absorbed,1961-12-09
24578,03227,03227,renamed,1961-11-16
24579,06039,06039,renamed,1961-11-16
24580,37010,37010,renamed,1961-11-16
24581,61096,61096,renamed,1961-11-16
24582,80087,80087,renamed,1961-11-16
24583,80559,80559,renamed,1961-11-16
24584,80625,80625,renamed,1961-11-16
24585,80672,80672,renamed,1961-11-16
24586,30047,30356,split,1961-09-20
24587,03038,03038,renamed,1961-08-26
24588,16192,16192,renamed,1961-08-26
24589,24256,24256,renamed,1961-08-26
24590,24320,24320,renamed,1961-08-26
24591,26084,26084,renamed,1961-08-26
24592,33416,33416,renamed,1961-08-26
24593,35303,35303,renamed,1961-08-26
24594,48127,48127,renamed,1961-08-26
24595,48145,48145,renamed,1961-08-26
24596,57335,57335,renamed,1961-08-26
24597,58017,58017,renamed,1961-08-26
24598,58059,58059,renamed,1961-08-26
24599,58064,58064,renamed,1961-08-26
24600,58124,58124,renamed,1961-08-26
24601,58183,58183,renamed,1961-08-26
24602,58215,58215,renamed,1961-08-26
24603,58258,58258,renamed,1961-08-26
24604,64120,64120,renamed,1961-08-26
24605,67068,67068,renamed,1961-08-26
24606,67496,67496,renamed,1961-08-26
24607,74238,74238,renamed,1961-08-26
24608,77407,77407,renamed,1961-08-26
24609,79097,79097,renamed,1961-08-26
24610,79344,79344,renamed,1961-08-26
24611,80682,80682,renamed,1961-08-26
24612,88300,88300,renamed,1961-08-26
24613,90064,90064,renamed,1961-08-26
24614,74042,74042,code_reused,1961-08-07
24615,74214,74042,absorbed,1961-08-07
24616,04144,04144,renamed,1961-07-30
24617,14227,14227,renamed,1961-07-30
24618,24083,24083,renamed,1961-07-30
24619,37234,37234,renamed,1961-07-30
24620,43038,43038,renamed,1961-07-30
24621,48097,48097,renamed,1961-07-30
24622,57160,57160,renamed,1961-07-30
24623,57310,57310,renamed,1961-07-30
24624,57688,57688,renamed,1961-07-30
24625,71509,71509,renamed,1961-07-30
24626,78164,78164,renamed,1961-07-30
24627,88089,88089,renamed,1961-07-30
24628,88522,88522,renamed,1961-07-30
24629,02060,02060,renamed,1961-06-22
24630,02759,02759,renamed,1961-06-22
24631,11008,11008,renamed,1961-06-22
24632,33058,33058,renamed,1961-06-22
24633,37158,37158,renamed,1961-06-22
24634,57514,57514,renamed,1961-06-22
24635,57682,57682,renamed,1961-06-22
24636,61214,61214,renamed,1961-06-22
24637,88049,88049,renamed,1961-06-22
24638,88094,88094,renamed,1961-06-22
24639,88104,88104,renamed,1961-06-22
24640,88192,88192,renamed,1961-06-22
24641,88404,88404,renamed,1961-06-22
24642,41111,41194,absorbed,1961-05-29
24643,41194,41194,code_reused,1961-05-29
24644,73044,73065,absorbed,1961-05-06
24645,73065,73065,code_reused,1961-05-06
24646,73066,73065,absorbed,1961-05-06
24647,38085,38085,code_reused,1961-05-01
24648,38096,38085,absorbed,1961-05-01
24649,22017,22113,absorbed,1961-04-27
24650,22022,22113,absorbed,1961-04-27
24651,22113,22113,code_reused,1961-04-27
24652,22130,22113,absorbed,1961-04-27
24653,22336,22113,absorbed,1961-04-27
24654,06010,06010,renamed,1961-04-02
24655,07134,07134,renamed,1961-04-02
24656,14686,14686,renamed,1961-04-02
24657,23076,23076,renamed,1961-04-02
24658,32254,32254,renamed,1961-04-02
24659,51317,51317,renamed,1961-04-02
24660,51472,51472,renamed,1961-04-02
24661,51517,51517,renamed,1961-04-02
24662,54100,54100,renamed,1961-04-02
24663,54112,54112,renamed,1961-04-02
24664,54129,54129,renamed,1961-04-02
24665,54136,54136,renamed,1961-04-02
24666,54159,54159,renamed,1961-04-02
24667,54196,54196,renamed,1961-04-02
24668,54436,54436,renamed,1961-04-02
24669,54453,54453,renamed,1961-04-02
24670,54483,54483,renamed,1961-04-02
24671,54487,54487,renamed,1961-04-02
24672,54516,54516,renamed,1961-04-02
24673,54559,54559,renamed,1961-04-02
24674,56073,56073,renamed,1961-04-02
24675,56214,56214,renamed,1961-04-02
24676,56234,56234,renamed,1961-04-02
24677,58278,58278,renamed,1961-04-02
24678,63033,63033,renamed,1961-04-02
24679,63038,63038,renamed,1961-04-02
24680,63086,63086,renamed,1961-04-02
24681,63100,63100,renamed,1961-04-02
24682,63118,63118,renamed,1961-04-02
24683,63119,63119,renamed,1961-04-02
24684,63192,63192,renamed,1961-04-02
24685,63213,63213,renamed,1961-04-02
24686,63331,63331,renamed,1961-04-02
24687,63334,63334,renamed,1961-04-02
24688,63337,63337,renamed,1961-04-02
24689,83018,83018,renamed,1961-04-02
24690,83048,83048,renamed,1961-04-02
24691,89003,89003,renamed,1961-04-02
24692,89040,89040,renamed,1961-04-02
24693,89284,89284,renamed,1961-04-02
24694,89333,89333,renamed,1961-04-02
24695,89368,89368,renamed,1961-04-02
24696,14228,14228,renamed,1961-03-05
24697,48014,48014,renamed,1961-03-05
24698,60143,60143,renamed,1961-03-05
24699,60378,60378,renamed,1961-03-05
24700,60577,60577,renamed,1961-03-05
24701,60596,60596,renamed,1961-03-05
24702,74002,74002,renamed,1961-03-05
24703,74058,74058,renamed,1961-03-05
24704,74173,74173,renamed,1961-03-05
24705,74224,74224,renamed,1961-03-05
24706,86222,86222,renamed,1961-03-05
24707,86290,86290,renamed,1961-03-05
24708,08127,08490,absorbed,1961-03-01
24709,08490,08490,code_reused,1961-03-01
24710,02333,02333,renamed,1961-01-01
24711,02665,02665,renamed,1961-01-01
24712,02783,02783,renamed,1961-01-01
24713,02784,02784,renamed,1961-01-01
24714,24003,24082,absorbed,1961-01-01
24715,24082,24082,code_reused,1961-01-01
24716,24187,24263,absorbed,1961-01-01
24717,24263,24263,code_reused,1961-01-01
24718,57151,57151,code_reused,1961-01-01
24719,57400,57151,absorbed,1961-01-01
24720,22089,22162,absorbed,1960-11-26
24721,22162,22162,code_reused,1960-11-26
24722,22230,22162,absorbed,1960-11-26
24723,24068,24068,code_reused,1960-08-13
24724,24149,24068,absorbed,1960-08-13
24725,24332,24335,absorbed,1960-08-13
24726,24335,24335,code_reused,1960-08-13
24727,24338,24338,code_reused,1960-08-13
24728,24578,24338,absorbed,1960-08-13
24729,60133,60133,code_reused,1960-08-07
24730,60266,60133,absorbed,1960-08-07
24731,65152,65348,absorbed,1960-04-16
24732,65348,65348,code_reused,1960-04-16
24733,02307,02307,code_reused,1960-04-01
24734,02692,02307,absorbed,1960-04-01
24735,29050,29232,absorbed,1960-02-13
24736,29088,29232,absorbed,1960-02-13
24737,29157,29232,absorbed,1960-02-13
24738,29232,29232,code_reused,1960-02-13
24739,24263,24263,code_reused,1960-02-05
24740,24556,24263,absorbed,1960-02-05
24741,14366,14366,code_reused,1960-01-31
24742,14594,14366,absorbed,1960-01-31
24743,24400,24585,absorbed,1960-01-01
24744,24585,24585,code_reused,1960-01-01
24745,57068,57262,absorbed,1960-01-01
24746,57262,57262,code_reused,1960-01-01
24747,61312,61422,absorbed,1959-10-01
24748,61422,61422,code_reused,1959-10-01
24749,04102,04102,code_reused,1959-05-16
24750,04223,04102,absorbed,1959-05-16
24751,08248,08248,renamed,1959-04-27
24752,08378,08378,renamed,1959-04-27
24753,08399,08399,renamed,1959-04-27
24754,08459,08459,renamed,1959-04-27
24755,37207,37207,renamed,1959-04-27
24756,37226,37226,renamed,1959-04-27
24757,37270,37270,renamed,1959-04-27
24758,08049,08049,renamed,1959-04-26
24759,08057,08057,renamed,1959-04-26
24760,08110,08110,renamed,1959-04-26
24761,08115,08115,renamed,1959-04-26
24762,08168,08168,renamed,1959-04-26
24763,08210,08210,renamed,1959-04-26
24764,08237,08237,renamed,1959-04-26
24765,61112,61112,code_reused,1959-03-28
24766,61119,61112,absorbed,1959-03-28
24767,42057,42095,absorbed,1959-03-01
24768,42095,42095,code_reused,1959-03-01
24769,29039,29039,code_reused,1959-02-22
24770,29118,29039,absorbed,1959-02-22
24771,29151,29151,code_reused,1959-02-22
24772,29200,29151,absorbed,1959-02-22
24773,39154,39154,code_reused,1959-02-22
24774,39521,39154,absorbed,1959-02-22
24775,52024,52509,absorbed,1959-02-22
24776,52509,52509,code_reused,1959-02-22
24777,30078,30325,absorbed,1959-02-21
24778,30325,30325,code_reused,1959-02-21
24779,69387,69388,split,1959-02-08
24780,44214,44224,split,1959-01-01
24781,24138,24138,renamed,1958-12-21
24782,26292,26292,renamed,1958-12-21
24783,47179,47179,renamed,1958-12-21
24784,50555,50555,renamed,1958-12-21
24785,76103,76103,renamed,1958-12-21
24786,89155,89155,renamed,1958-12-21
24787,30253,30253,renamed,1958-12-20
24788,32255,32255,renamed,1958-12-20
24789,32265,32265,renamed,1958-12-20
24790,32284,32284,renamed,1958-12-20
24791,32392,32392,renamed,1958-12-20
24792,32459,32459,renamed,1958-12-20
24793,32464,32464,renamed,1958-12-20
24794,01370,01370,renamed,1958-12-19
24795,02653,02653,renamed,1958-12-19
24796,43012,43012,renamed,1958-12-19
24797,43020,43020,renamed,1958-12-19
24798,43037,43037,renamed,1958-12-19
24799,43052,43052,renamed,1958-12-19
24800,43141,43141,renamed,1958-12-19
24801,09085,09085,renamed,1958-10-22
24802,09105,09105,renamed,1958-10-22
24803,09167,09167,renamed,1958-10-22
24804,09257,09257,renamed,1958-10-22
24805,09293,09293,renamed,1958-10-22
24806,09306,09306,renamed,1958-10-22
24807,41035,41035,renamed,1958-10-22
24808,41043,41043,renamed,1958-10-22
24809,41189,41189,renamed,1958-10-22
24810,41207,41207,renamed,1958-10-22
24811,41209,41209,renamed,1958-10-22
24812,35036,35036,renamed,1958-10-15
24813,35119,35119,renamed,1958-10-15
24814,86043,86043,renamed,1958-10-15
24815,86044,86044,renamed,1958-10-15
24816,86055,86055,renamed,1958-10-15
24817,86101,86101,renamed,1958-10-15
24818,86158,86158,renamed,1958-10-15
24819,86177,86177,renamed,1958-10-15
24820,86221,86221,renamed,1958-10-15
24821,86241,86241,renamed,1958-10-15
24822,86257,86257,renamed,1958-10-15
24823,03155,03155,renamed,1958-10-13
24824,14076,14076,renamed,1958-10-13
24825,14475,14475,renamed,1958-10-13
24826,14493,14493,renamed,1958-10-13
24827,34080,34080,renamed,1958-10-13
24828,34260,34260,renamed,1958-10-13
24829,34263,34263,renamed,1958-10-13
24830,34293,34293,renamed,1958-10-13
24831,36006,36006,renamed,1958-10-13
24832,36115,36115,renamed,1958-10-13
24833,36195,36195,renamed,1958-10-13
24834,36204,36204,renamed,1958-10-13
24835,38127,38127,renamed,1958-10-13
24836,38329,38329,renamed,1958-10-13
24837,42318,42318,renamed,1958-10-13
24838,46267,46267,renamed,1958-10-13
24839,48019,48019,renamed,1958-10-13
24840,48144,48144,renamed,1958-10-13
24841,24222,24222,renamed,1958-10-05
24842,71310,71310,renamed,1958-10-05
24843,79095,79095,renamed,1958-10-05
24844,26285,26285,renamed,1958-10-03
24845,77476,77476,renamed,1958-10-03
24846,78360,78360,renamed,1958-10-03
24847,11407,11407,renamed,1958-08-13
24848,13011,13011,renamed,1958-08-13
24849,29027,29027,renamed,1958-08-13
24850,52464,52464,code_reused,1958-07-04
24851,52471,52464,absorbed,1958-07-04
24852,31061,31061,renamed,1958-06-23
24853,31080,31080,renamed,1958-06-23
24854,31094,31094,renamed,1958-06-23
24855,31336,31336,renamed,1958-06-23
24856,31472,31472,renamed,1958-06-23
24857,31523,31523,renamed,1958-06-23
24858,31582,31582,renamed,1958-06-23
24859,65455,65482,split,1958-05-16
24860,31251,31593,split,1958-03-28
24861,49045,49045,renamed,1958-03-13
24862,12066,12066,renamed,1958-03-02
24863,12094,12094,renamed,1958-03-02
24864,12118,12118,renamed,1958-03-02
24865,12215,12215,renamed,1958-03-02
24866,12216,12216,renamed,1958-03-02
24867,12258,12258,renamed,1958-03-02
24868,78045,78045,renamed,1958-03-02
24869,78295,78295,renamed,1958-03-02
24870,11208,11208,renamed,1958-01-13
24871,46117,46117,renamed,1958-01-13
24872,57206,57766,split,1958-01-01
24873,57562,57766,split,1958-01-01
24874,65039,65039,renamed,1957-12-02
24875,65247,65247,renamed,1957-12-02
24876,65329,65329,renamed,1957-12-02
24877,01031,01031,renamed,1957-08-22
24878,33103,33103,renamed,1957-07-13
24879,33104,33104,renamed,1957-07-13
24880,33106,33106,renamed,1957-07-13
24881,06129,06129,renamed,1957-05-23
24882,06130,06130,renamed,1957-05-23
24883,14327,14327,renamed,1957-04-13
24884,14354,14354,renamed,1957-04-13
24885,14449,14449,renamed,1957-04-13
24886,14578,14578,renamed,1957-04-13
24887,14702,14702,renamed,1957-04-13
24888,57285,57285,renamed,1957-04-13
24889,55277,55410,absorbed,1957-04-03
24890,55410,55410,code_reused,1957-04-03
24891,14191,14191,renamed,1957-04-01
24892,22158,22158,renamed,1957-04-01
24893,31059,31059,renamed,1957-04-01
24894,36245,36245,renamed,1957-04-01
24895,50081,50081,renamed,1957-04-01
24896,37020,37020,renamed,1957-03-02
24897,45148,45148,renamed,1957-01-19
24898,10326,10326,renamed,1957-01-13
24899,10411,10411,renamed,1957-01-13
24900,10420,10420,renamed,1957-01-13
24901,66124,66124,renamed,1957-01-11
24902,29024,29024,code_reused,1957-01-01
24903,29194,29024,absorbed,1957-01-01
24904,45238,45238,renamed,1956-12-27
24905,54011,54011,renamed,1956-12-27
24906,64055,64055,renamed,1956-12-27
24907,64243,64243,renamed,1956-12-27
24908,64244,64244,renamed,1956-12-27
24909,85018,85018,renamed,1956-12-27
24910,85049,85049,renamed,1956-12-27
24911,85081,85081,renamed,1956-12-27
24912,85131,85131,renamed,1956-12-27
24913,85135,85135,renamed,1956-12-27
24914,85151,85151,renamed,1956-12-27
24915,85163,85163,renamed,1956-12-27
24916,85180,85180,renamed,1956-12-27
24917,85189,85189,renamed,1956-12-27
24918,01021,01021,renamed,1956-10-19
24919,01033,01033,renamed,1956-10-19
24920,01079,01079,renamed,1956-10-19
24921,01384,01384,renamed,1956-10-19
24922,01443,01443,renamed,1956-10-19
24923,02321,02321,renamed,1956-10-19
24924,02574,02574,renamed,1956-08-29
24925,49212,49212,renamed,1956-08-29
24926,50243,50243,renamed,1956-08-29
24927,07161,07161,renamed,1956-08-08
24928,07326,07326,renamed,1956-08-08
24929,07338,07338,renamed,1956-08-08
24930,60670,60670,renamed,1956-08-02
24931,57275,57275,renamed,1956-07-13
24932,86090,86090,renamed,1956-07-13
24933,66150,66150,renamed,1956-06-10
24934,02095,02095,renamed,1956-06-08
24935,02200,02200,renamed,1956-06-08
24936,02220,02220,renamed,1956-06-08
24937,02423,02423,renamed,1956-06-08
24938,02758,02758,renamed,1956-06-08
24939,17392,17392,renamed,1956-05-05
24940,30051,30051,renamed,1956-05-05
24941,46183,46183,renamed,1956-05-05
24942,49380,49380,renamed,1956-05-05
24943,58205,58205,renamed,1956-05-05
24944,67129,67129,renamed,1956-05-05
24945,73328,73328,renamed,1956-05-05
24946,82145,82145,renamed,1956-05-05
24947,34280,34280,renamed,1956-04-12
24948,64121,64121,renamed,1956-03-10
24949,64448,64448,renamed,1956-03-10
24950,64449,64449,renamed,1956-03-10
24951,64553,64553,renamed,1956-03-10
24952,64554,64554,renamed,1956-03-10
24953,64555,64555,renamed,1956-03-10
24954,80707,80707,renamed,1956-03-08
24955,46015,46015,renamed,1956-03-07
24956,02050,02050,renamed,1956-02-24
24957,02116,02116,renamed,1956-02-24
24958,02127,02127,renamed,1956-02-24
24959,02332,02332,renamed,1956-02-24
24960,02558,02558,renamed,1956-02-24
24961,16075,16075,renamed,1956-02-24
24962,16097,16097,renamed,1956-02-24
24963,16319,16319,renamed,1956-02-24
24964,16320,16320,renamed,1956-02-24
24965,16322,16322,renamed,1956-02-24
24966,16323,16323,renamed,1956-02-24
24967,16330,16330,renamed,1956-02-24
24968,33107,33107,renamed,1956-01-27
24969,33126,33126,renamed,1956-01-27
24970,33322,33322,renamed,1956-01-27
24971,33323,33323,renamed,1956-01-27
24972,33380,33380,renamed,1956-01-27
24973,33382,33382,renamed,1956-01-27
24974,33406,33406,renamed,1956-01-27
24975,33441,33441,renamed,1956-01-27
24976,33453,33453,renamed,1956-01-27
24977,33475,33475,renamed,1956-01-27
24978,07112,07112,renamed,1956-01-23
24979,07298,07298,renamed,1956-01-23
24980,80080,80080,renamed,1956-01-23
24981,80090,80090,renamed,1956-01-23
24982,80091,80091,renamed,1956-01-23
24983,80094,80094,renamed,1956-01-23
24984,80136,80136,renamed,1956-01-23
24985,80155,80155,renamed,1956-01-23
24986,80241,80241,renamed,1956-01-23
24987,80326,80326,renamed,1956-01-23
24988,80453,80453,renamed,1956-01-23
24989,80562,80562,renamed,1956-01-23
24990,80563,80563,renamed,1956-01-23
24991,50011,50011,renamed,1956-01-15
24992,50335,50335,renamed,1956-01-15
24993,50375,50375,renamed,1956-01-15
24994,50429,50429,renamed,1956-01-15
24995,50495,50495,renamed,1956-01-15
24996,50640,50640,renamed,1956-01-15
24997,76351,76351,code_reused,1955-12-01
24998,76661,76351,absorbed,1955-12-01
24999,29207,29207,renamed,1955-11-04
25000,57153,57153,renamed,1955-11-04
25001,57164,57164,renamed,1955-11-04
25002,57361,57361,renamed,1955-11-04
25003,57515,57515,renamed,1955-11-04
25004,57616,57616,renamed,1955-11-04
25005,28152,28226,absorbed,1955-10-20
25006,28226,28226,code_reused,1955-10-20
25007,89167,89167,renamed,1955-09-07
25008,89171,89171,renamed,1955-09-07
25009,89313,89313,renamed,1955-09-07
25010,89340,89340,renamed,1955-09-07
25011,89355,89355,renamed,1955-09-07
25012,89400,89400,renamed,1955-09-07
25013,15173,15173,renamed,1955-09-03
25014,15174,15174,renamed,1955-09-03
25015,15209,15209,renamed,1955-09-03
25016,15210,15210,renamed,1955-09-03
25017,49209,49209,renamed,1955-09-03
25018,14143,14143,renamed,1955-08-28
25019,14336,14336,renamed,1955-08-28
25020,54249,54249,renamed,1955-08-24
25021,54346,54346,renamed,1955-08-24
25022,54373,54373,renamed,1955-08-24
25023,54398,54398,renamed,1955-08-24
25024,54476,54476,renamed,1955-08-24
25025,64360,64360,renamed,1955-08-24
25026,69071,69071,renamed,1955-08-24
25027,71149,71149,renamed,1955-08-24
25028,72027,72027,renamed,1955-08-24
25029,37242,37242,renamed,1955-08-15
25030,49349,49349,renamed,1955-08-15
25031,56221,56221,renamed,1955-08-15
25032,03025,03025,renamed,1955-08-10
25033,12286,12286,renamed,1955-08-10
25034,15025,15025,renamed,1955-08-10
25035,31493,31493,renamed,1955-08-10
25036,26182,26182,renamed,1955-08-05
25037,30274,30274,renamed,1955-08-05
25038,46244,46244,renamed,1955-08-05
25039,38007,38524,absorbed,1955-07-01
25040,38524,38524,code_reused,1955-07-01
25041,31232,31592,split,1955-06-20
25042,56210,56264,split,1955-06-11
25043,29033,29033,renamed,1955-06-03
25044,29034,29034,renamed,1955-06-03
25045,29056,29056,renamed,1955-06-03
25046,29057,29057,renamed,1955-06-03
25047,29127,29127,renamed,1955-06-03
25048,29129,29129,renamed,1955-06-03
25049,04183,04183,renamed,1955-05-28
25050,10280,10280,renamed,1955-05-14
25051,33462,33462,renamed,1955-05-14
25052,46302,46302,renamed,1955-04-15
25053,01004,01004,renamed,1955-03-31
25054,01053,01053,renamed,1955-03-31
25055,01403,01403,renamed,1955-03-31
25056,34155,34155,renamed,1955-03-27
25057,34178,34178,renamed,1955-03-27
25058,34291,34291,renamed,1955-03-27
25059,26073,26073,renamed,1955-03-19
25060,38070,38070,renamed,1955-03-12
25061,38375,38375,renamed,1955-03-12
25062,38459,38459,renamed,1955-03-12
25063,26036,26036,renamed,1955-02-14
25064,01266,01266,renamed,1955-01-29
25065,28332,28332,renamed,1955-01-29
25066,40325,40325,renamed,1955-01-29
25067,29154,29217,absorbed,1955-01-28
25068,29217,29217,code_reused,1955-01-28
25069,03161,03161,renamed,1955-01-17
25070,03096,03096,renamed,1955-01-16
25071,67252,67252,renamed,1955-01-10
25072,37079,37079,renamed,1954-12-24
25073,62604,62604,renamed,1954-12-24
25074,26079,26382,split,1954-12-18
25075,23122,23122,renamed,1954-11-11
25076,01145,01145,renamed,1954-09-11
25077,12061,12061,renamed,1954-09-11
25078,12210,12210,renamed,1954-09-11
25079,12219,12219,renamed,1954-09-11
25080,12285,12285,renamed,1954-09-11
25081,18257,18257,renamed,1954-09-11
25082,44102,44223,split,1954-09-06
25083,83051,83154,split,1954-08-30
25084,78273,78273,renamed,1954-08-08
25085,60219,60219,renamed,1954-06-21
25086,66147,66147,renamed,1954-06-21
25087,69160,69160,renamed,1954-06-21
25088,04208,04208,renamed,1954-05-30
25089,07154,07154,renamed,1954-05-30
25090,28224,28224,renamed,1954-05-30
25091,74070,74070,renamed,1954-05-30
25092,17277,17277,renamed,1954-05-14
25093,18079,18079,renamed,1954-05-14
25094,22205,22205,renamed,1954-05-14
25095,50269,50269,renamed,1954-05-14
25096,84012,84012,renamed,1954-03-15
25097,21654,21654,renamed,1954-01-29
25098,38186,38186,renamed,1954-01-29
25099,71076,71076,code_reused,1954-01-16
25100,71429,71076,absorbed,1954-01-16
25101,60586,60703,split,1954-01-15
25102,85294,85307,split,1954-01-15
25103,57550,57765,split,1954-01-01
25104,63247,63247,renamed,1953-12-31
25105,84014,84014,renamed,1953-12-31
25106,33108,33108,renamed,1953-12-05
25107,84015,84015,renamed,1953-12-05
25108,84034,84034,renamed,1953-12-05
25109,84060,84060,renamed,1953-12-05
25110,04004,04004,renamed,1953-10-22
25111,11266,11266,renamed,1953-10-22
25112,76124,76124,renamed,1953-10-22
25113,05171,05171,renamed,1953-08-13
25114,24584,24584,renamed,1953-08-13
25115,49223,49223,renamed,1953-08-13
25116,87131,87131,renamed,1953-08-13
25117,05035,05035,renamed,1953-08-07
25118,41080,41080,renamed,1953-08-07
25119,27658,27658,renamed,1953-07-19
25120,49364,49364,renamed,1953-07-19
25121,67459,67459,renamed,1953-07-19
25122,84110,84110,renamed,1953-07-19
25123,35224,35362,split,1953-07-05
25124,73051,73051,renamed,1953-05-20
25125,73261,73261,renamed,1953-05-20
25126,78361,78361,renamed,1953-05-07
25127,39033,39198,absorbed,1953-04-16
25128,39198,39198,code_reused,1953-04-16
25129,39496,39198,absorbed,1953-04-16
25130,13100,13100,renamed,1953-04-12
25131,53264,53264,renamed,1953-04-12
25132,76102,76351,absorbed,1953-04-11
25133,76351,76351,code_reused,1953-04-11
25134,53196,53196,renamed,1953-04-03
25135,57327,57630,absorbed,1953-04-01
25136,57630,57630,code_reused,1953-04-01
25137,59033,59033,code_reused,1953-03-28
25138,59040,59033,absorbed,1953-03-28
25139,14464,14762,absorbed,1953-03-23
25140,14762,14762,code_reused,1953-03-23
25141,66088,66088,renamed,1953-03-12
25142,66093,66093,renamed,1953-03-12
25143,66187,66187,renamed,1953-03-12
25144,66222,66222,renamed,1953-03-12
25145,15179,15269,split,1953-03-07
25146,76606,76606,renamed,1953-03-07
25147,68047,68297,absorbed,1953-03-01
25148,68297,68297,code_reused,1953-03-01
25149,31059,31591,split,1953-02-12
25150,40164,40164,renamed,1953-01-31
25151,65307,65307,renamed,1953-01-31
25152,71514,71514,renamed,1953-01-31
25153,97310,97359,split,1953-01-01
25154,97312,97358,split,1953-01-01
25155,97351,97351,renamed,1953-01-01
25156,97352,97352,renamed,1953-01-01
25157,97353,97357,split,1953-01-01
25158,97354,97354,renamed,1953-01-01
25159,97355,97355,renamed,1953-01-01
25160,97356,97356,renamed,1953-01-01
25161,23075,23075,renamed,1952-12-31
25162,73303,73303,renamed,1952-12-07
25163,78197,78197,renamed,1952-12-07
25164,12253,12307,split,1952-12-03
25165,54084,54084,renamed,1952-11-14
25166,21061,21061,renamed,1952-10-23
25167,41155,41155,renamed,1952-10-23
25168,71205,71205,renamed,1952-10-23
25169,72284,72284,renamed,1952-10-23
25170,78615,78615,renamed,1952-10-23
25171,51002,51002,renamed,1952-10-17
25172,24022,24022,renamed,1952-07-06
25173,58086,58086,renamed,1952-07-06
25174,38129,38129,renamed,1952-06-18
25175,71569,71591,split,1952-06-18
25176,14118,14118,code_reused,1952-06-05
25177,14736,14118,absorbed,1952-06-05
25178,17418,17418,renamed,1952-05-16
25179,52241,52448,absorbed,1952-03-20
25180,52448,52448,code_reused,1952-03-20
25181,67376,67376,renamed,1952-02-21
25182,17337,17486,split,1951-12-12
25183,78174,78174,code_reused,1951-08-10
25184,78221,78174,absorbed,1951-08-10
25185,78347,78347,renamed,1951-07-19
25186,60509,60509,code_reused,1951-07-09
25187,60587,60587,code_reused,1951-07-09
25188,60606,60509,absorbed,1951-07-09
25189,60606,60587,absorbed,1951-07-09
25190,51028,51028,renamed,1951-05-31
25191,11071,11071,renamed,1951-05-23
25192,73143,73143,renamed,1951-05-23
25193,83153,83153,renamed,1951-04-19
25194,27424,27424,code_reused,1951-03-24
25195,27619,27424,absorbed,1951-03-24
25196,42077,42077,renamed,1951-02-18
25197,04103,04107,absorbed,1951-01-26
25198,04107,04107,code_reused,1951-01-26
25199,46188,46340,split,1951-01-03
25200,19167,19167,renamed,1950-12-27
25201,39374,39586,split,1950-11-11
25202,24221,24221,renamed,1950-10-25
25203,59316,59316,renamed,1950-10-25
25204,76544,76544,renamed,1950-10-25
25205,77215,77215,renamed,1950-10-25
25206,77428,77428,renamed,1950-10-22
25207,44163,44222,split,1950-10-11
25208,39283,39283,renamed,1950-08-31
25209,34183,34183,renamed,1950-08-28
25210,60490,60490,renamed,1950-08-28
25211,78042,78042,renamed,1950-08-28
25212,97205,97234,split,1950-08-26
25213,32006,32348,absorbed,1950-08-13
25214,32348,32348,code_reused,1950-08-13
25215,57129,57129,renamed,1950-08-13
25216,64057,64057,renamed,1950-07-02
25217,51046,51046,code_reused,1950-06-17
25218,51297,51659,absorbed,1950-06-17
25219,51366,51368,absorbed,1950-06-17
25220,51368,51368,code_reused,1950-06-17
25221,51385,51440,absorbed,1950-06-17
25222,51385,51487,absorbed,1950-06-17
25223,51385,51503,absorbed,1950-06-17
25224,51394,51046,absorbed,1950-06-17
25225,51427,51553,absorbed,1950-06-17
25226,51440,51440,code_reused,1950-06-17
25227,51462,51470,absorbed,1950-06-17
25228,51470,51470,code_reused,1950-06-17
25229,51487,51487,code_reused,1950-06-17
25230,51503,51503,code_reused,1950-06-17
25231,51544,51544,code_reused,1950-06-17
25232,51553,51553,code_reused,1950-06-17
25233,51561,51544,absorbed,1950-06-17
25234,51659,51659,code_reused,1950-06-17
25235,13114,13118,split,1950-05-12
25236,81063,81326,split,1950-05-12
25237,83126,83153,split,1950-04-24
25238,14353,14353,renamed,1950-04-09
25239,33540,33540,renamed,1950-04-09
25240,38351,38351,renamed,1950-04-09
25241,97308,97314,split,1950-04-07
25242,76148,76148,renamed,1950-03-30
25243,12192,12192,renamed,1950-03-22
25244,27045,27045,renamed,1950-03-22
25245,56176,56263,split,1950-02-26
25246,50603,50603,renamed,1950-02-25
25247,26039,26381,split,1950-02-19
25248,78445,78445,renamed,1950-02-08
25249,39471,39471,renamed,1950-01-23
25250,76595,76595,renamed,1950-01-18
25251,38431,38431,renamed,1950-01-09
25252,46054,46054,renamed,1949-12-16
25253,17411,17485,split,1949-12-14
25254,37042,37042,renamed,1949-12-07
25255,44012,44012,renamed,1949-12-07
25256,44138,44221,split,1949-11-27
25257,22213,22213,renamed,1949-10-30
25258,28056,28056,renamed,1949-10-30
25259,37173,37173,renamed,1949-10-30
25260,59287,59287,renamed,1949-10-09
25261,78577,78577,renamed,1949-10-09
25262,14313,14313,renamed,1949-10-02
25263,74085,74085,renamed,1949-09-29
25264,13098,13098,renamed,1949-09-08
25265,67458,67458,renamed,1949-09-08
25266,29231,29302,split,1949-08-27
25267,29263,29302,split,1949-08-27
25268,83079,83152,split,1949-07-25
25269,77066,77066,code_reused,1949-07-08
25270,77362,77066,absorbed,1949-07-08
25271,77362,77444,absorbed,1949-07-08
25272,77444,77444,code_reused,1949-07-08
25273,62075,62908,split,1949-06-29
25274,39313,39313,code_reused,1949-05-30
25275,39563,39313,absorbed,1949-05-30
25276,22055,22055,renamed,1949-05-21
25277,32287,32468,split,1949-05-14
25278,78239,78239,renamed,1949-05-12
25279,14213,14213,renamed,1949-04-18
25280,21086,21086,renamed,1949-04-18
25281,67439,67439,renamed,1949-04-18
25282,05070,05070,code_reused,1949-03-30
25283,05083,05070,absorbed,1949-03-30
25284,30092,30355,split,1949-03-30
25285,97204,97233,split,1949-03-25
25286,14059,14059,renamed,1949-03-20
25287,15005,15005,renamed,1949-02-19
25288,15208,15208,renamed,1949-02-19
25289,15225,15225,renamed,1949-02-19
25290,78056,78056,renamed,1949-02-19
25291,31344,31344,renamed,1949-01-24
25292,09277,09342,split,1949-01-08
25293,62881,62881,renamed,1948-12-10
25294,78379,78379,renamed,1948-12-10
25295,11154,11154,renamed,1948-10-21
25296,38358,38358,renamed,1948-10-21
25297,03181,03181,renamed,1948-09-25
25298,03279,03279,renamed,1948-09-25
25299,07330,07330,renamed,1948-09-25
25300,27278,27278,renamed,1948-09-25
25301,39272,39272,renamed,1948-09-25
25302,78486,78486,renamed,1948-08-16
25303,78039,78692,split,1948-08-01
25304,31040,31590,split,1948-07-22
25305,57267,57267,renamed,1948-07-18
25306,04039,04039,code_reused,1948-07-05
25307,04044,04039,absorbed,1948-07-05
25308,26119,26380,split,1948-06-24
25309,46251,46339,split,1948-06-17
25310,46271,46339,split,1948-06-17
25311,46281,46339,split,1948-06-17
25312,46295,46339,split,1948-06-17
25313,59011,59670,split,1948-06-06
25314,50296,50296,renamed,1948-04-03
25315,67161,67161,renamed,1948-02-21
25316,78405,78405,renamed,1948-02-11
25317,25321,25321,renamed,1948-02-05
25318,57668,57668,renamed,1948-01-14
25319,27078,27111,split,1947-12-19
25320,27078,27621,split,1947-12-19
25321,32165,32467,split,1947-11-09
25322,57358,57358,renamed,1947-10-25
25323,46269,46338,split,1947-10-23
25324,89106,89200,absorbed,1947-10-18
25325,89200,89200,code_reused,1947-10-18
25326,63018,63018,renamed,1947-10-16
25327,38471,38471,renamed,1947-10-03
25328,30183,30354,split,1947-10-01
25329,56095,56121,absorbed,1947-10-01
25330,56121,56121,code_reused,1947-10-01
25331,56167,56262,split,1947-10-01
25332,62215,62907,split,1947-09-28
25333,37090,37090,renamed,1947-09-22
25334,17375,17484,split,1947-09-19
25335,68048,68224,absorbed,1947-09-06
25336,68224,68224,code_reused,1947-09-06
25337,14485,14764,absorbed,1947-08-27
25338,14612,14764,absorbed,1947-08-27
25339,67493,67493,renamed,1947-08-27
25340,83150,83150,renamed,1947-08-27
25341,50430,50430,renamed,1947-08-13
25342,76143,76143,renamed,1947-08-13
25343,56145,56145,renamed,1947-06-28
25344,57309,57309,renamed,1947-06-14
25345,36081,36081,renamed,1947-06-11
25346,50196,50196,renamed,1947-06-11
25347,01295,01295,renamed,1947-05-21
25348,02628,02628,renamed,1947-05-16
25349,38205,38205,renamed,1947-05-09
25350,36158,36158,renamed,1947-05-01
25351,50008,50008,renamed,1947-05-01
25352,42282,42339,split,1947-04-27
25353,57410,57410,renamed,1947-04-19
25354,74212,74212,renamed,1947-04-19
25355,74282,74282,renamed,1947-04-19
25356,78509,78509,renamed,1947-04-19
25357,20342,20366,split,1947-04-12
25358,39257,39561,absorbed,1947-04-12
25359,39516,39579,absorbed,1947-04-12
25360,39561,39561,code_reused,1947-04-12
25361,39579,39579,code_reused,1947-04-12
25362,47283,47328,split,1947-04-12
25363,57250,57250,code_reused,1947-04-12
25364,57632,57250,absorbed,1947-04-12
25365,59574,59574,code_reused,1947-04-12
25366,59621,59574,absorbed,1947-04-12
25367,88323,88372,absorbed,1947-04-12
25368,88372,88372,code_reused,1947-04-12
25369,78497,78497,renamed,1947-02-27
25370,55517,55517,renamed,1947-02-13
25371,14448,14448,renamed,1947-01-18
25372,60312,60312,renamed,1946-12-11
25373,86070,86070,code_reused,1946-12-01
25374,86232,86070,absorbed,1946-12-01
25375,86238,86070,absorbed,1946-12-01
25376,59053,59053,code_reused,1946-11-15
25377,59362,59053,absorbed,1946-11-15
25378,16073,16073,code_reused,1946-11-01
25379,16305,16073,absorbed,1946-11-01
25380,33051,33555,split,1946-11-01
25381,26038,26379,split,1946-10-01
25382,86091,86091,renamed,1946-09-22
25383,14397,14397,renamed,1946-09-19
25384,14405,14405,renamed,1946-09-19
25385,71109,71109,renamed,1946-09-19
25386,51131,51132,absorbed,1946-09-01
25387,51132,51132,code_reused,1946-09-01
25388,65089,65481,split,1946-08-16
25389,77416,77416,renamed,1946-08-07
25390,73222,73222,renamed,1946-07-29
25391,59376,59501,absorbed,1946-07-01
25392,59501,59501,code_reused,1946-07-01
25393,59643,59643,code_reused,1946-07-01
25394,59644,59643,absorbed,1946-07-01
25395,14166,14166,renamed,1946-06-17
25396,43214,43214,renamed,1946-06-03
25397,37003,37003,code_reused,1946-06-01
25398,37215,37003,absorbed,1946-06-01
25399,46293,46337,split,1946-06-01
25400,14759,14759,renamed,1946-05-31
25401,27058,27058,renamed,1946-05-31
25402,84139,84139,renamed,1946-04-19
25403,59094,59094,code_reused,1946-01-01
25404,59095,59094,absorbed,1946-01-01
25405,29009,29039,absorbed,1945-09-20
25406,29039,29039,code_reused,1945-09-20
25407,15196,15268,split,1945-09-17
25408,67174,67174,code_reused,1945-09-01
25409,67175,67174,absorbed,1945-09-01
25410,29046,29046,code_reused,1945-06-14
25411,29164,29046,absorbed,1945-06-14
25412,29223,29046,absorbed,1945-06-14
25413,29283,29046,absorbed,1945-06-14
25414,29019,29019,code_reused,1945-04-29
25415,29096,29019,absorbed,1945-04-29
25416,29253,29019,absorbed,1945-04-29
25417,29258,29019,absorbed,1945-04-29
25418,31035,31035,renamed,1944-05-05
25419,05014,05014,code_reused,1944-05-01
25420,05015,05014,absorbed,1944-05-01
25421,05034,05034,code_reused,1944-05-01
25422,05105,05034,absorbed,1944-05-01
25423,27048,27048,renamed,1944-04-28
25424,27346,27346,renamed,1944-04-28
25425,84127,84127,renamed,1944-01-20
25426,14114,14114,renamed,1944-01-01
25427,31021,31021,renamed,1943-12-06
25428,27078,27078,code_reused,1943-12-01
25429,27111,27078,absorbed,1943-12-01
25430,27621,27078,absorbed,1943-12-01
25431,78334,78334,renamed,1943-08-12
25432,01125,01125,code_reused,1943-08-01
25433,01377,01125,absorbed,1943-08-01
25434,89086,89086,code_reused,1943-03-01
25435,89269,89086,absorbed,1943-03-01
25436,60057,60057,code_reused,1943-02-19
25437,60384,60057,absorbed,1943-02-19
25438,60467,60057,absorbed,1943-02-19
25439,60580,60057,absorbed,1943-02-19
25440,60696,60057,absorbed,1943-02-19
